3,特定機能病院
6,精神病棟
9,特殊疾患入院施設管理加算
14,精神科作業療法
15,精神科デイ・ケア「大規模なもの」
19,重症者等療養環境特別加算
22,開放型病院共同指導料
23,精神科
29,精神科ナイト・ケア
31,精神科応急入院施設管理加算
35,人工膵臓検査、人工膵臓療法
36,薬剤管理指導料
40,体外衝撃波腎・尿管結石破砕術
45,重度認知症患者デイ・ケア料
57,療養環境加算
61,結核病棟
63,精神科デイ・ケア「小規模なもの」
70,体外衝撃波胆石破砕術
90,療養病棟療養環境加算１
91,療養病棟療養環境加算２
96,在宅がん医療総合診療料
98,人工内耳植込術
100,補助人工心臓
104,精神科デイ・ナイト・ケア
117,総合周産期特定集中治療室管理料１
118,精神科急性期治療病棟入院料１
119,精神科急性期治療病棟入院料２
124,難病患者リハビリテーション料
125,植込型除細動器移植術（経静脈リードを用いるもの又は皮下植込型リードを用いるもの）、植込型除細動器交換術（その他のもの）及び経静脈電極抜去術
133,精神療養病棟入院料
146,地域医療支援病院
152,生体部分肝移植術
159,ペースメーカー移植術及びペースメーカー交換術
160,大動脈バルーンパンピング法（ＩＡＢＰ法）
168,心臓カテーテル法による諸検査の血管内視鏡検査加算
169,長期継続頭蓋内脳波検査
170,補聴器適合検査
172,脳刺激装置植込術及び脳刺激装置交換術
173,放射線治療専任加算
207,精神病棟入院時医学管理加算
208,一類感染症患者入院医療管理料
209,特殊疾患入院医療管理料
214,短期滞在手術等基本料１
217,脊髄刺激装置植込術及び脊髄刺激装置交換術
224,緩和ケア診療加算
231,プレイルーム、保育士等加算
233,地域連携小児夜間・休日診療料１
234,光トポグラフィー（施設共同利用率２０％以上）
235,中枢神経磁気刺激による誘発筋電図（施設共同利用率２０％以上）
236,画像診断管理加算１
237,画像診断管理加算２
238,遠隔画像診断
243,エタノールの局所注入（甲状腺）
320,高エネルギー放射線治療
369,医療保護入院等診療料
370,両心室ペースメーカー移植術（経静脈電極の場合）及び両心室ペースメーカー交換術（経静脈電極の場合）
371,経皮的中隔心筋焼灼術
373,定位放射線治療
376,エタノールの局所注入（副甲状腺）
606,褥瘡ハイリスク患者ケア加算
607,ハイリスク分娩管理加算
608,脳卒中ケアユニット入院医療管理料
609,ウイルス疾患指導料
610,喘息治療管理料
611,地域連携小児夜間・休日診療料２
612,ニコチン依存症管理料
615,ハイリスク妊産婦共同管理料(Ⅰ)
618,小児食物アレルギー負荷検査
628,障害児（者）リハビリテーション料
629,精神科ショート・ケア「大規模なもの」
630,精神科ショート・ケア「小規模なもの」
633,同種死体肺移植術
634,同種心移植術
635,同種心肺移植術
636,同種死体肝移植術
637,同種死体膵移植術、同種死体膵腎移植術
638,腹腔鏡下前立腺悪性腫瘍手術
640,輸血管理料Ⅰ
641,輸血管理料Ⅱ
642,入院時食事療養（Ⅰ）又は入院時生活療養（Ⅰ）
673,超急性期脳卒中加算
676,精神科地域移行実施加算
677,精神科身体合併症管理加算
678,ハイリスク妊娠管理加算
689,精神科救急・合併症入院料
690,糖尿病合併症管理料
692,医療機器安全管理料１
693,医療機器安全管理料２
697,遺伝カウンセリング加算
698,神経学的検査
701,冠動脈ＣＴ撮影加算
702,心臓ＭＲＩ撮影加算
704,集団コミュニケーション療法料
705,強度変調放射線治療（ＩＭＲＴ）
713,特殊疾患病棟入院料１
714,特殊疾患病棟入院料２
717,認知症治療病棟入院料１
718,認知症治療病棟入院料２
721,在宅時医学総合管理料及び施設入居時等医学総合管理料
725,コンタクトレンズ検査料１
727,無菌製剤処理料
728,外来化学療法加算１
729,外来化学療法加算２
730,心大血管疾患リハビリテーション料（Ⅰ）
731,心大血管疾患リハビリテーション料（Ⅱ）
732,脳血管疾患等リハビリテーション料（Ⅰ）
733,脳血管疾患等リハビリテーション料（Ⅱ）
734,脳血管疾患等リハビリテーション料（Ⅲ）
737,呼吸器リハビリテーション料（Ⅰ）
738,呼吸器リハビリテーション料（Ⅱ）
739,頭蓋骨形成手術（骨移動を伴うものに限る。）
740,上顎骨形成術（骨移動を伴う場合に限る。）、下顎骨形成術（骨移動を伴う場合に限る。）（歯科診療のものを除く）
741,生体部分肺移植術
742,両室ペーシング機能付き植込型除細動器移植術（経静脈電極の場合）及び両室ペーシング機能付き植込型除細動器交換術（経静脈電極の場合）
745,同種死体腎移植術
746,生体腎移植術
747,焦点式高エネルギー超音波療法
749,外来放射線治療加算
750,保険医療機関間の連携におけるデジタル病理画像による術中迅速病理組織標本作製
762,依存症入院医療管理加算
763,摂食障害入院医療管理加算
764,栄養サポートチーム加算
775,呼吸ケアチーム加算
777,救命救急入院料１
778,救命救急入院料２
779,救命救急入院料３
780,救命救急入院料４
783,救命救急入院料（高度医療体制加算）
784,救命救急入院料（小児加算）
787,特定集中治療室管理料（小児加算）
790,新生児治療回復室入院医療管理料
791,小児入院医療管理料１
792,小児入院医療管理料２
793,小児入院医療管理料３
794,小児入院医療管理料４
795,小児入院医療管理料５
798,休日リハビリテーション提供体制加算
803,がん性疼痛緩和指導管理料
806,地域連携夜間・休日診療料
810,がん治療連携計画策定料
811,がん治療連携指導料
813,肝炎インターフェロン治療計画料
815,在宅血液透析指導管理料
816,ＨＰＶ核酸検出
817,検体検査管理加算（１）
818,検体検査管理加算（２）
819,検体検査管理加算（３）
820,検体検査管理加算（４）
822,胎児心エコー法
824,内服・点滴誘発試験
826,外傷全身ＣＴ加算
827,抗悪性腫瘍剤処方管理加算
828,運動器リハビリテーション料（Ⅰ）
829,運動器リハビリテーション料（Ⅱ）
830,運動器リハビリテーション料（Ⅲ）
831,がん患者リハビリテーション料
833,センチネルリンパ節加算
834,治療的角膜切除術（エキシマレーザーによるもの（角膜ジストロフィー又は帯状角膜変性に係るものに限る。））
839,腹腔鏡下肝切除術（部分切除及び外側区域切除）
840,膀胱水圧拡張術及びハンナ型間質性膀胱炎手術（経尿道）
841,麻酔管理料１
842,麻酔管理料２
843,画像誘導放射線治療（ＩＧＲＴ）
844,保険医療機関間の連携におけるデジタル病理画像による迅速細胞診
849,リハビリテーション総合計画評価料１
852,ＣＴ撮影（１６列以上６４列未満マルチスライス型機器）
853,ＣＴ撮影（４列以上１６列未満マルチスライス型機器）
858,有床診療所急性期患者支援病床初期加算
859,有床診療所急性期患者支援療養病床初期加算及び有床診療所在宅患者支援療養病床初期加算
3001,時間外対応加算１
3002,時間外対応加算３
3006,看取り加算（有床診療所入院基本料・有床診療所療養病床入院基本料）
3012,２５対１急性期看護補助体制加算（看護補助者５割未満）
3013,夜間５０対１急性期看護補助体制加算
3014,夜間１００対１急性期看護補助体制加算
3016,療養病棟療養環境改善加算１
3017,療養病棟療養環境改善加算２
3018,診療所療養病床療養環境改善加算
3019,無菌治療室管理加算１
3020,無菌治療室管理加算２
3021,緩和ケア診療加算（特定地域）
3022,有床診療所緩和ケア診療加算
3023,精神科リエゾンチーム加算
3024,栄養サポートチーム加算（特定地域）
3025,感染対策向上加算１
3026,感染対策向上加算２
3028,患者サポート体制充実加算
3029,入退院支援加算２
3030,精神科救急搬送患者地域連携紹介加算
3031,精神科救急搬送患者地域連携受入加算
3033,病棟薬剤業務実施加算１
3036,小児特定集中治療室管理料
3039,児童・思春期精神科入院医療管理料
3041,認知症夜間対応加算（認知症治療病棟入院料）
3042,特定一般病棟入院料１
3043,特定一般病棟入院料２
3044,一般病棟看護必要度評価加算（特定一般病棟入院料）
3047,外来緩和ケア管理料
3049,糖尿病透析予防指導管理料
3050,院内トリアージ実施料
3053,外来放射線照射診療料
3055,在宅療養支援診療所（１）
3056,在宅療養支援診療所（２）
3057,在宅療養支援病院（１）
3058,在宅療養支援病院（２）
3059,在宅患者訪問看護・指導料及び同一建物居住者訪問看護・指導料（緩和、褥瘡又は人工肛門及び人工膀胱ケア専門看護師による場合）
3060,時間内歩行試験及びシャトルウォーキングテスト
3061,ヘッドアップティルト試験
3062,ロービジョン検査判断料
3063,ＣＴ透視下気管支鏡検査加算
3064,ＣＴ撮影（６４列以上マルチスライス型機器）
3066,ＭＲＩ撮影（３テスラ以上の機器）
3067,初期加算（リハビリテーション料）
3069,抗精神病特定薬剤治療指導管理料（治療抵抗性統合失調症治療指導管理料）
3070,重度認知症患者デイ・ケア料（夜間ケア加算）
3071,透析液水質確保加算、慢性維持透析濾過加算
3072,腫瘍脊椎骨全摘術
3073,網膜付着組織を含む硝子体切除術（眼内内視鏡を用いるもの）
3074,腹腔鏡下膵体尾部腫瘍切除術
3075,早期悪性腫瘍大腸粘膜下層剥離術
3076,腎腫瘍凝固・焼灼術（冷凍凝固によるもの）
3077,腹腔鏡下膀胱悪性腫瘍手術
3078,人工尿道括約筋植込・置換術
3079,内視鏡的胎盤吻合血管レーザー焼灼術
3080,輸血適正使用加算
3081,自己生体組織接着剤作成術
3082,人工肛門・人工膀胱造設術前処置加算
3083,腹腔鏡下前立腺悪性腫瘍手術（内視鏡手術用支援機器を用いるもの）
3085,体外照射呼吸性移動対策加算
3086,定位放射線治療呼吸性移動対策加算（動体追尾法）
3087,病理診断管理加算１
3088,病理診断管理加算２
3094,療養病棟入院基本料１（特定一般病棟入院患者）
3154,植込型補助人工心臓（非拍動流型）
3155,時間外対応加算２
3156,５０対１急性期看護補助体制加算
3157,７５対１急性期看護補助体制加算
3158,診療所療養病床療養環境加算
3162,回復期リハビリテーション病棟入院料４
3163,（旧）回復期リハビリテーション病棟入院料６
3165,退院調整加算（精神療養病棟入院料）
3166,退院調整加算（認知症治療病棟入院料）
3168,在宅療養支援診療所（３）
3169,在宅療養支援病院（３）
3170,脳磁図（その他のもの）
3171,ＭＲＩ撮影（１．５テスラ以上３テスラ未満の機器）
3176,定位放射線治療呼吸性移動対策加算（その他）
3177,保険医療機関間の連携による病理診断
3185,重症者加算１（精神療養病棟入院料）
3191,磁気ナビゲーション加算
3192,体外衝撃波膵石破砕術
3193,経カテーテル弁置換術（経心尖大動脈弁置換術及び経皮的大動脈弁置換術）
3195,地域包括診療加算２
3198,急性期一般入院料６（旧 急性期一般入院料７）
3199,地域一般入院料２
3200,地域一般入院料３
3201,一般病棟７対１入院基本料（月平均夜勤時間超過減算）
3203,急性期一般入院料６（月平均夜勤時間超過減算）（旧 急性期一般入院料７）
3204,地域一般入院料２（月平均夜勤時間超過減算）
3205,地域一般入院料３（月平均夜勤時間超過減算）
3206,看護必要度加算２（特定機能病院・専門病院入院基本料）
3207,看護必要度加算３（特定機能病院・専門病院入院基本料）
3208,ＡＤＬ維持向上等体制加算（一般病棟・特定機能病院・専門病院入院基本料）
3210,在宅復帰機能強化加算
3211,結核病棟７対１入院基本料
3213,結核病棟１０対１入院基本料
3214,結核病棟１３対１入院基本料
3215,結核病棟１５対１入院基本料
3216,結核病棟１８対１入院基本料
3217,結核病棟２０対１入院基本料
3218,結核病棟７対１入院基本料（月平均夜勤時間超過減算）
3220,結核病棟１０対１入院基本料（月平均夜勤時間超過減算）
3221,結核病棟１３対１入院基本料（月平均夜勤時間超過減算）
3222,結核病棟１５対１入院基本料（月平均夜勤時間超過減算）
3223,結核病棟１８対１入院基本料（月平均夜勤時間超過減算）
3224,結核病棟２０対１入院基本料（月平均夜勤時間超過減算）
3225,精神病棟１０対１入院基本料
3226,精神病棟１３対１入院基本料
3227,精神病棟１５対１入院基本料
3228,精神病棟１８対１入院基本料
3229,精神病棟２０対１入院基本料
3230,精神病棟１０対１入院基本料（月平均夜勤時間超過減算）
3231,精神病棟１３対１入院基本料（月平均夜勤時間超過減算）
3232,精神病棟１５対１入院基本料（月平均夜勤時間超過減算）
3233,精神病棟１８対１入院基本料（月平均夜勤時間超過減算）
3234,精神病棟２０対１入院基本料（月平均夜勤時間超過減算）
3235,精神保健福祉士配置加算（精神病棟入院基本料）
3236,特定機能病院一般病棟７対１入院基本料
3238,特定機能病院一般病棟１０対１入院基本料
3239,特定機能病院結核病棟７対１入院基本料
3240,特定機能病院結核病棟１０対１入院基本料
3241,特定機能病院結核病棟１３対１入院基本料
3242,特定機能病院結核病棟１５対１入院基本料
3243,特定機能病院精神病棟７対１入院基本料
3244,特定機能病院精神病棟１０対１入院基本料
3245,特定機能病院精神病棟１３対１入院基本料
3246,特定機能病院精神病棟１５対１入院基本料
3247,専門病院７対１入院基本料
3249,専門病院１０対１入院基本料
3250,専門病院１３対１入院基本料
3251,障害者施設等７対１入院基本料
3252,障害者施設等１０対１入院基本料
3253,障害者施設等１３対１入院基本料
3254,障害者施設等１５対１入院基本料
3255,障害者施設等７対１入院基本料（月平均夜勤時間超過減算）
3256,障害者施設等１０対１入院基本料（月平均夜勤時間超過減算）
3257,障害者施設等１３対１入院基本料（月平均夜勤時間超過減算）
3258,障害者施設等１５対１入院基本料（月平均夜勤時間超過減算）
3259,有床診療所入院基本料１
3260,有床診療所入院基本料２
3261,有床診療所入院基本料３
3262,有床診療所入院基本料４
3263,有床診療所入院基本料５
3264,有床診療所入院基本料６
3265,看護補助配置加算１（有床診療所入院基本料）
3266,看護補助配置加算２（有床診療所入院基本料）
3267,栄養管理実施加算（有床診療所入院基本料・有床診療所療養病床入院基本料）
3268,総合入院体制加算１
3269,総合入院体制加算３
3270,診療録管理体制加算１
3271,診療録管理体制加算２
3272,医師事務作業補助体制加算１（１５対１）
3273,医師事務作業補助体制加算１（２０対１）
3274,医師事務作業補助体制加算１（２５対１）
3275,医師事務作業補助体制加算１（３０対１）
3276,医師事務作業補助体制加算１（４０対１）
3277,医師事務作業補助体制加算１（５０対１）
3278,医師事務作業補助体制加算１（７５対１）
3279,医師事務作業補助体制加算１（１００対１）
3280,医師事務作業補助体制加算２（１５対１）
3281,医師事務作業補助体制加算２（２０対１）
3282,医師事務作業補助体制加算２（２５対１）
3283,医師事務作業補助体制加算２（３０対１）
3284,医師事務作業補助体制加算２（４０対１）
3285,医師事務作業補助体制加算２（５０対１）
3286,医師事務作業補助体制加算２（７５対１）
3287,医師事務作業補助体制加算２（１００対１）
3288,２５対１急性期看護補助体制加算（看護補助者５割以上）
3289,夜間３０対１急性期看護補助体制加算
3290,看護職員夜間１２対１配置加算２
3291,医療安全対策加算１
3292,医療安全対策加算２
3293,褥瘡ハイリスク患者ケア加算（特定地域）
3294,入退院支援加算（特定地域）
3300,特定集中治療室管理料１
3301,特定集中治療室管理料２
3302,特定集中治療室管理料３
3303,特定集中治療室管理料４
3304,ハイケアユニット入院医療管理料１
3305,ハイケアユニット入院医療管理料２
3306,新生児特定集中治療室管理料１
3307,新生児特定集中治療室管理料２
3309,総合周産期特定集中治療室管理料２
3310,回復期リハビリテーション病棟入院料２
3311,体制強化加算１（回復期リハビリテーション病棟入院料１）
3312,地域包括ケア病棟入院料２
3313,地域包括ケア入院医療管理料２
3314,地域包括ケア病棟入院料４
3315,地域包括ケア入院医療管理料４
3316,地域包括ケア病棟入院料２（特定地域）
3317,地域包括ケア入院医療管理料２（特定地域）
3318,地域包括ケア病棟入院料４（特定地域）
3319,地域包括ケア入院医療管理料４（特定地域）
3320,看護職員配置加算（地域包括ケア病棟入院料）
3321,看護補助者配置加算（地域包括ケア病棟入院料）
3322,精神科救急急性期医療入院料
3323,（旧）精神科救急入院料２
3325,精神保健福祉士配置加算（精神療養病棟入院料）
3326,地域包括ケア入院医療管理２（特定一般病棟入院料）
3327,地域包括ケア入院医療管理４（特定一般病棟入院料）
3332,がん患者指導管理料イ
3333,がん患者指導管理料ロ
3334,がん患者指導管理料ハ
3335,外来緩和ケア管理料（特定地域）
3336,移植後患者指導管理料（臓器移植後）
3337,移植後患者指導管理料（造血幹細胞移植後）
3338,糖尿病透析予防指導管理料（特定地域）
3339,地域包括診療料２
3340,在宅療養実績加算１（診療所）
3341,在宅療養実績加算１（病院）
3342,在宅療養後方支援病院
3343,在宅患者訪問褥瘡管理指導料
3345,ＨＰＶ核酸検出（簡易ジェノタイプ判定）
3346,光トポグラフィー（抑うつ症状の鑑別診断の補助に使用するもの（地域の精神科救急医療体制を確保するために必要な協力等を行っている精神保健指定医による場合））
3349,ポジトロン断層・磁気共鳴コンピューター断層複合撮影
3350,乳房用ポジトロン断層撮影
3358,認知症患者リハビリテーション料
3359,認知療法・認知行動療法１
3361,精神科在宅患者支援管理料
3362,医科点数表第２章第９部処置の通則の５に掲げる処置の休日加算１
3363,医科点数表第２章第９部処置の通則の５に掲げる処置の時間外加算１
3364,医科点数表第２章第９部処置の通則の５に掲げる処置の深夜加算１
3365,磁気による膀胱等刺激法
3366,組織拡張器による再建手術（乳房（再建手術）の場合に限る。）
3367,骨移植術（軟骨移植術を含む。）（自家培養軟骨移植術に限る。）
3368,脳腫瘍覚醒下マッピング加算
3369,原発性悪性脳腫瘍光線力学療法加算
3370,仙骨神経刺激装置植込術及び仙骨神経刺激装置交換術（便失禁）
3371,羊膜移植術
3372,緑内障手術（緑内障治療用インプラント挿入術（プレートのあるもの））
3373,網膜再建術
3374,植込型骨導補聴器移植術
3375,植込型骨導補聴器交換術
3376,内視鏡下鼻・副鼻腔手術Ⅴ型（拡大副鼻腔手術）及び経鼻内視鏡下鼻副鼻腔悪性腫瘍手術（頭蓋底郭清、再建を伴うもの）
3377,ゲル充填人工乳房を用いた乳房再建術（乳房切除後）
3382,胸腔鏡下動脈管開存閉鎖術
3383,内視鏡下下肢静脈瘤不全穿通枝切離術
3388,腹腔鏡下胃縮小術（スリーブ状切除によるもの）
3394,腹腔鏡下小切開膀胱悪性腫瘍手術
3395,腹腔鏡下子宮悪性腫瘍手術（子宮体がんに限る。）
3396,胎児胸腔・羊水腔シャント術
3397,医科点数表第２章第 10 部手術の通則の 12 に掲げる手術の休日加算１
3398,医科点数表第２章第 10 部手術の通則の 12 に掲げる手術の時間外加算１
3399,医科点数表第２章第 10 部手術の通則の 12 に掲げる手術の深夜加算１
3400,貯血式自己血輸血管理体制加算
3401,一回線量増加加算（全乳房照射）
3402,一般病棟入院基本料（特別入院基本料）
3404,療養病棟入院料１（一般病棟入院患者）
3405,療養病棟入院料１
3406,療養病棟入院料２（注１１に係る届出）
3407,療養病棟入院基本料（特別入院基本料）
3408,結核病棟入院基本料（特別入院基本料）
3409,精神病棟入院基本料（特別入院基本料）
3410,夜間緊急体制確保加算（有床診療所入院基本料）
3411,医師配置加算１（有床診療所入院基本料）
3412,医師配置加算２（有床診療所入院基本料）
3413,看護配置加算１（有床診療所入院基本料）
3414,看護配置加算２（有床診療所入院基本料）
3415,夜間看護配置加算１（有床診療所入院基本料）
3416,夜間看護配置加算２（有床診療所入院基本料）
3417,有床診療所療養病床入院基本料
3418,有床診療所療養病床入院基本料（特別入院基本料）
3419,ポジトロン断層撮影
3420,ポジトロン断層撮影（施設共同利用率３０％以上又は計算除外対象保険医療機関）
3421,ポジトロン断層・コンピューター断層複合撮影
3422,一般病棟看護必要度評価加算（専門病院）
3423,医科点数表第１章第２部入院料等の通則８及び歯科点数表第１章第２部入院料等通則７
3424,医科点数表第２章第 10 部手術の通則の 16 に掲げる手術
3425,胃瘻造設時嚥下機能評価加算
3426,光トポグラフィー（抑うつ症状の鑑別診断の補助に使用するもの（イ以外の場合））
3427,小児補助人工心臓
3429,急性期一般入院料６（夜勤時間特別入院基本料）（旧 急性期一般入院料７）
3430,地域一般入院料２（夜勤時間特別入院基本料）
3431,地域一般入院料３（夜勤時間特別入院基本料）
3432,看護必要度加算１（特定機能病院・専門病院入院基本料）
3434,結核病棟７対１入院基本料（夜勤時間特別入院基本料）
3435,結核病棟１０対１入院基本料（夜勤時間特別入院基本料）
3436,結核病棟１３対１入院基本料（夜勤時間特別入院基本料）
3437,結核病棟１５対１入院基本料（夜勤時間特別入院基本料）
3438,結核病棟１８対１入院基本料（夜勤時間特別入院基本料）
3439,結核病棟２０対１入院基本料（夜勤時間特別入院基本料）
3440,精神病棟１０対１入院基本料（夜勤時間特別入院基本料）
3441,精神病棟１３対１入院基本料（夜勤時間特別入院基本料）
3442,精神病棟１５対１入院基本料（夜勤時間特別入院基本料）
3443,精神病棟１８対１入院基本料（夜勤時間特別入院基本料）
3444,精神病棟２０対１入院基本料（夜勤時間特別入院基本料）
3445,有床診療所入院基本料在宅復帰機能強化加算
3446,有床診療所療養病床入院基本料在宅復帰機能強化加算
3447,総合入院体制加算２
3448,夜間看護体制加算
3449,看護職員夜間１２対１配置加算１
3450,看護職員夜間１６対１配置加算１
3451,後発医薬品使用体制加算１
3452,後発医薬品使用体制加算２
3453,後発医薬品使用体制加算３
3454,病棟薬剤業務実施加算２
3455,入退院支援加算１
3456,入退院支援加算３
3458,地域連携診療計画加算（入退院支援加算）
3459,認知症ケア加算１
3461,精神疾患診療体制加算
3462,重症児受入体制加算
3463,体制強化加算２（回復期リハビリテーション病棟入院料１）
3464,地域移行機能強化病棟入院料
3465,重症者加算１（地域移行機能強化病棟入院料）
3466,高度腎機能障害患者指導加算
3467,小児かかりつけ診療料１
3468,在宅緩和ケア充実診療所・病院加算（診療所）
3469,在宅療養実績加算２（診療所）
3470,排尿自立指導料
3471,地域連携診療計画加算（診療情報提供料（Ⅰ））
3472,検査・画像情報提供加算及び電子的診療情報評価料
3473,在宅緩和ケア充実診療所・病院加算（病院）
3474,在宅療養実績加算２（病院）
3475,在宅植込型補助人工心臓（非拍動流型）指導管理料
3476,持続血糖測定器加算（間歇注入シリンジポンプと連動）及び皮下連続式グルコース測定
3477,遺伝学的検査
3478,国際標準検査管理加算
3479,長期脳波ビデオ同時記録検査１
3480,脳波検査判断料１
3481,遠隔脳波診断
3482,コンタクトレンズ検査料２
3483,コンタクトレンズ検査料３
3484,ＣＴ撮影（施設共同利用率１０％以上）
3485,ＭＲＩ撮影（施設共同利用率１０％以上）
3486,乳房ＭＲＩ撮影加算
3487,外来後発医薬品使用体制加算１
3488,外来後発医薬品使用体制加算２
3490,リンパ浮腫複合的治療料
3491,児童思春期精神科専門管理加算
3492,救急患者精神科継続支援料
3493,認知療法・認知行動療法２
3494,依存症集団療法１
3495,硬膜外自家血注入
3496,下肢末梢動脈疾患指導管理加算
3497,歩行運動処置（ロボットスーツによるもの）
3498,骨移植術（軟骨移植術を含む。）（同種骨移植（非生体）（同種骨移植（特殊なものに限る。）））
3499,内視鏡下甲状腺部分切除、腺腫摘出術、内視鏡下バセドウ甲状腺全摘（亜全摘）術（両葉）、内視鏡下副甲状腺（上皮小体）腺腫過形成手術
3500,乳がんセンチネルリンパ節加算１及びセンチネルリンパ節生検（併用）
3501,乳がんセンチネルリンパ節加算２及びセンチネルリンパ節生検（単独）
3502,乳腺悪性腫瘍手術（乳輪温存乳房切除術（腋窩郭清を伴わないもの）及び乳輪温存乳房切除術（腋窩郭清を伴うもの））
3503,肺悪性腫瘍手術（壁側・臓側胸膜全切除（横隔膜、心膜合併切除を伴うもの）に限る。）
3504,内視鏡下筋層切開術
3505,骨格筋由来細胞シート心表面移植術
3506,腹腔鏡下小切開骨盤内リンパ節群郭清術、腹腔鏡下小切開後腹膜リンパ節群郭清術、腹腔鏡下小切開後腹膜腫瘍摘出術、腹腔鏡下小切開後腹膜悪性腫瘍手術、腹腔鏡下小切開副腎摘出術、腹腔鏡下小切開腎部分切除術、腹腔鏡下小切開腎摘出術、腹腔鏡下小切開尿管腫瘍摘出術、腹腔鏡下小切開腎(尿管)悪性腫瘍手術、腹腔鏡下小切開膀胱腫瘍摘出術及び腹腔鏡下小切開前立腺悪性腫瘍手術
3507,胆管悪性腫瘍手術（膵頭十二指腸切除及び肝切除（葉以上）を伴うものに限る。）
3508,腹腔鏡下膵頭部腫瘍切除術
3509,腹腔鏡下腎悪性腫瘍手術（内視鏡手術用支援機器を用いるもの）及び腹腔鏡下尿管悪性腫瘍手術（内視鏡手術用支援機器を用いるもの）
3510,腹腔鏡下仙骨腟固定術
3511,凍結保存同種組織加算
3512,粒子線治療
3513,粒子線治療適応判定加算
3514,粒子線治療医学管理加算
3515,画像誘導密封小線源治療加算
3517,腹腔鏡下肝切除術（亜区域切除、１区域切除（外側区域切除を除く。）、２区
3518,人工中耳植込術
3520,ニコチン依存症管理料（治療の平均継続回数２回以上）
3521,仙骨神経刺激装置植込術及び仙骨神経刺激装置交換術（過活動膀胱）
3522,機能強化加算
3523,地域包括診療加算１
3525,急性期一般入院料１
3526,急性期一般入院料２
3527,急性期一般入院料３
3528,急性期一般入院料４
3529,急性期一般入院料５
3531,地域一般入院料１
3532,急性期一般入院料１（月平均夜勤時間超過減算）
3533,急性期一般入院料２（月平均夜勤時間超過減算）
3534,急性期一般入院料３（月平均夜勤時間超過減算）
3535,急性期一般入院料４（月平均夜勤時間超過減算）
3536,急性期一般入院料５（月平均夜勤時間超過減算）
3538,地域一般入院料１（月平均夜勤時間超過減算）
3539,急性期一般入院料１（夜勤時間特別入院基本料）
3540,急性期一般入院料２（夜勤時間特別入院基本料）
3541,急性期一般入院料３（夜勤時間特別入院基本料）
3542,急性期一般入院料４（夜勤時間特別入院基本料）
3543,急性期一般入院料５（夜勤時間特別入院基本料）
3545,地域一般入院料１（夜勤時間特別入院基本料）
3546,療養病棟入院料２
3548,夜間看護加算
3549,結核病棟入院基本料（重症患者割合特別入院基本料）
3551,看護補助加算（障害者施設等入院基本料）
3552,夜間看護体制加算（障害者施設等入院基本料）
3553,看護職員夜間１６対１配置加算２
3554,医療安全対策地域連携加算１
3555,医療安全対策地域連携加算２
3558,データ提出加算１（許可病床数２００床以上）及びデータ提出加算３（許可病床数２００床以上）
3559,データ提出加算１（許可病床数２００床未満）及びデータ提出加算３（許可病床数２００床未満）
3560,データ提出加算２（許可病床数２００床以上）及びデータ提出加算４（許可病床数２００床以上）
3561,データ提出加算２（許可病床数２００床未満）及びデータ提出加算４（許可病床数２００床未満）
3562,入院時支援加算１（入退院支援加算）及び入院時支援加算２（入退院支援加算）
3563,早期離床・リハビリテーション加算
3564,回復期リハビリテーション病棟入院料１
3565,回復期リハビリテーション病棟入院料３
3566,（旧）回復期リハビリテーション病棟入院料５
3567,地域包括ケア病棟入院料１
3568,地域包括ケア入院医療管理料１
3569,地域包括ケア病棟入院料３
3570,地域包括ケア入院医療管理料３
3571,地域包括ケア病棟入院料１（特定地域）
3572,地域包括ケア入院医療管理料１（特定地域）
3573,地域包括ケア病棟入院料３（特定地域）
3574,地域包括ケア入院医療管理料３（特定地域）
3575,看護職員夜間配置加算（地域包括ケア病棟入院料）
3577,緩和ケア病棟入院料２
3578,看護職員夜間配置加算（精神科救急急性期医療入院料）
3579,看護職員夜間配置加算（精神科救急・合併症入院料）
3580,地域包括ケア入院医療管理１（特定一般病棟入院料）
3581,地域包括ケア入院医療管理３（特定一般病棟入院料）
3582,導入期加算２及び腎代替療法実績加算
3583,乳腺炎重症化予防ケア・指導料
3584,救急搬送看護体制加算２
3585,地域包括診療料１
3587,ハイリスク妊産婦連携指導料１
3588,ハイリスク妊産婦連携指導料２
3589,遠隔モニタリング加算（在宅酸素療法指導管理料）
3590,遠隔モニタリング加算（在宅持続陽圧呼吸療法指導管理料）
3591,在宅腫瘍治療電場療法指導管理料
3592,在宅経肛門的自己洗腸指導管理料
3593,骨髄微小残存病変量測定
3594,抗ＨＬＡ抗体（スクリーニング検査）及び抗ＨＬＡ抗体（抗体特異性同定検査）
3595,画像診断管理加算３
3596,小児鎮静下ＭＲＩ撮影加算
3597,頭部ＭＲＩ撮影加算
3598,外来後発医薬品使用体制加算３
3599,人工腎臓（慢性維持透析を行った場合１）
3600,人工腎臓（慢性維持透析を行った場合２）
3601,導入期加算１
3605,皮膚移植術（死体）
3606,後縦靱帯骨化症手術（前方進入によるもの）
3607,緑内障手術（緑内障手術（流出路再建術（眼内法）及び水晶体再建術併用眼内ドレーン挿入術）
3608,喉頭形成手術（甲状軟骨固定用器具を用いたもの）
3609,内視鏡下甲状腺悪性腫瘍手術
3610,乳腺腫瘍画像ガイド下吸引術（一連につき）（ＭＲＩによるもの）
3611,乳房切除術（性同一性障害の患者に対して行う場合に限る。）
3612,胸腔鏡下縦隔悪性腫瘍手術（内視鏡手術用支援機器を用いる場合）
3613,胸腔鏡下良性縦隔腫瘍手術（内視鏡手術用支援機器を用いる場合）
3614,胸腔鏡下肺悪性腫瘍手術（区域切除及び肺葉切除又は１肺葉を超えるもので内視鏡手術用支援機器を用いる場合）
3615,食道縫合術(穿孔、損傷)(内視鏡によるもの)、内視鏡下胃、十二指腸穿孔瘻孔閉鎖術、胃瘻閉鎖術（内視鏡によるもの）、小腸瘻閉鎖術（内視鏡によるも
3616,胸腔鏡下食道悪性腫瘍手術（内視鏡手術用支援機器を用いる場合）
3617,胸腔鏡下弁形成術
3618,胸腔鏡下弁形成術（内視鏡手術用支援機器を用いる場合）
3619,胸腔鏡下弁置換術
3620,経皮的僧帽弁クリップ術
3621,ペースメーカー移植術及びペースメーカー交換術（リードレスペースメーカー）
3622,経皮的循環補助法（ポンプカテーテルを用いたもの）
3623,腹腔鏡下胃切除術（単純切除術（内視鏡手術用支援機器を用いる場合））及び腹腔鏡下胃切除術（悪性腫瘍手術（内視鏡手術用支援機器を用いるもの））
3624,腹腔鏡下噴門側胃切除術（単純切除術（ 内視鏡手術用支援機器を用いる場合））及び腹腔鏡下噴門側胃切除術（悪性腫瘍手術（内視鏡手術用支援機器を用いるもの））
3625,腹腔鏡下胃全摘術（単純全摘術（内視鏡手術用支援機器を用いる場合））及び腹腔鏡下胃全摘術（悪性腫瘍手術（内視鏡手術用支援機器を用いるもの））
3627,バルーン閉塞下逆行性経静脈的塞栓術
3628,腹腔鏡下胆道閉鎖症手術
3629,腹腔鏡下膵腫瘍摘出術
3630,生体部分小腸移植術
3631,同種死体小腸移植術
3632,腹腔鏡下直腸切除・切断術（切除術、低位前方切除術及び切断術に限る。）（内視鏡手術用支援機器を用いる場合）
3633,腹腔鏡下膀胱悪性腫瘍手術（内視鏡手術用支援機器を用いる場合）
3634,尿道形成手術（前部尿道）（性同一性障害の患者に対して行う場合に限る。）
3635,尿道下裂形成手術（性同一性障害の患者に対して行う場合に限る。）
3636,陰茎形成術（性同一性障害の患者に対して行う場合に限る。）
3637,陰茎全摘術（性同一性障害の患者に対して行う場合に限る。）
3638,精巣摘出術（性同一性障害の患者に対して行う場合に限る。）
3639,会陰形成手術（筋層に及ばないもの）（性同一性障害の患者に対して行う場合に限る。）
3640,造腟術、腟閉鎖症術（遊離植皮によるもの、腸管形成によるもの、筋皮弁移植によるもの）（性同一性障害の患者に対して行う場合に限る。）
3641,子宮全摘術（性同一性障害の患者に対して行う場合に限る。）
3642,腹腔鏡下腟式子宮全摘術（性同一性障害患者に対して行う場合に限る。）
3643,腹腔鏡下腟式子宮全摘術（内視鏡手術用支援機器を用いる場合）
3644,腹腔鏡下子宮悪性腫瘍手術（子宮体がんに対して内視鏡手術用支援機器を用いる場合）
3645,腹腔鏡下子宮悪性腫瘍手術（子宮頸がんに限る。）
3646,子宮附属器腫瘍摘出術（両側）（性同一性障害の患者に対して行う場合に限る。）
3647,コーディネート体制充実加算
3648,自己クリオプレシピテート作製術（用手法）
3649,レーザー機器加算
3650,遠隔放射線治療計画加算
3651,一回線量増加加算（前立腺照射）
3652,デジタル病理画像による病理診断
3653,悪性腫瘍病理組織標本加算
3654,体制強化加算１（回復期リハビリテーション病棟入院料２）
3655,体制強化加算２（回復期リハビリテーション病棟入院料２）
3656,救急体制充実加算１
3657,救急体制充実加算２
3658,救急体制充実加算３
3659,救急医療管理加算
3666,総合機能評価加算
3667,認知症ケア加算３
3668,せん妄ハイリスク患者ケア加算
3669,精神科急性期医師配置加算１
3670,精神科急性期医師配置加算２（精神病棟入院基本料等の場合）
3671,精神科急性期医師配置加算２（精神科急性期治療病棟入院料の場合）
3672,精神科急性期医師配置加算３
3673,排尿自立支援加算
3674,地域医療体制確保加算
3675,早期栄養介入管理加算
3676,遠隔モニタリング加算（心臓ペースメーカー指導管理料）
3677,がん患者指導管理料ニ
3678,小児運動器疾患指導管理料
3679,婦人科特定疾患治療管理料
3680,腎代替療法指導管理料
3682,救急搬送看護体制加算１
3684,連携充実加算（外来腫瘍化学療法診療料）
3685,ニコチン依存症管理料（情報通信機器を用いた場合）
3686,相談支援加算
3688,精神科退院時共同指導料１
3689,精神科退院時共同指導料２
3690,訪問看護・指導体制充実加算
3692,持続血糖測定器加算（間歇注入シリンジポンプと連動しない持続血糖測定器を用いる場合）
3693,ＢＲＣＡ１／２遺伝子検査（腫瘍細胞を検体とするもの）
3694,がんゲノムプロファイリング検査
3695,角膜ジストロフィー遺伝子検査
3696,先天性代謝異常症検査
3697,ウイルス・細菌核酸多項目同時検出
3698,遺伝性腫瘍カウンセリング加算
3699,脳磁図（自発活動を測定するもの）
3700,終夜睡眠ポリグラフィー（１及び２以外の場合（安全精度管理下で行うもの））
3701,単線維筋電図
3702,黄斑局所網膜電図
3703,全視野精密網膜電図
3704,経気管支凍結生検法
3705,血流予備量比コンピューター断層撮影
3706,全身ＭＲＩ撮影加算
3707,摂食機能療法の注３に規定する摂食嚥下機能回復体制加算１
3708,療養生活環境整備指導加算（通院・在宅精神療法）
3709,依存症集団療法２
3710,静脈圧迫処置（慢性静脈不全に対するもの）
3711,多血小板血漿処置
3712,心不全に対する遠赤外線温熱療法
3713,乳房切除術（遺伝性乳癌卵巣癌症候群の患者に対して行うものに限る。）
3714,子宮附属器腫瘍摘出術（遺伝性乳癌卵巣癌症候群の患者に対して行うものに限る。）
3715,処理骨再建加算（四肢・躯幹軟部悪性腫瘍手術）
3716,椎間板内酵素注入療法
3717,頭蓋内電極植込術（脳深部電極によるもの（７本以上の電極による場合）に限る。）
3718,内皮移植加算
3719,鏡視下咽頭悪性腫瘍手術（軟口蓋悪性腫瘍手術を含む。）
3720,鏡視下喉頭悪性腫瘍手術
3721,顎関節人工関節全置換術
3722,胸腔鏡下拡大胸腺摘出術（内視鏡手術用支援機器を用いる場合）
3723,胸腔鏡下肺悪性腫瘍手術（区域切除で内視鏡支援機器を用いる場合）
3724,縦隔鏡下食道悪性腫瘍手術（内視鏡手術用支援機器を用いる場合）
3725,不整脈手術 左心耳閉鎖術（経カテーテル的手術によるもの）
3726,経皮的下肢動脈形成術
3727,腹腔鏡下リンパ節群郭清術（後腹膜）
3728,腹腔鏡下リンパ節群郭清術（傍大動脈）
3729,腹腔鏡下十二指腸局所切除術（内視鏡処置を併施するもの）
3730,腹腔鏡下膵体尾部腫瘍切除術（内視鏡手術用支援機器を用いる場合）
3731,腹腔鏡下膵頭部腫瘍切除術（内視鏡手術用支援機器を用いる場合）
3732,同種死体膵島移植術
3733,腹腔鏡下腎盂形成手術（内視鏡手術用支援機器を用いるもの）
3734,腹腔鏡下仙骨腟固定術（内視鏡手術用支援機器を用いるもの）
3735,両心室ペースメーカー移植術（心筋電極の場合）及び両心室ペースメーカー交換術（心筋電極の場合）
3736,植込型除細動器移植術（心筋リードを用いるもの）及び植込型除細動器交換術（心筋リードを用いるもの）
3737,両室ペーシング機能付き植込型除細動器移植術（心筋電極の場合）及び両室ペーシング機能付き植込型除細動器交換術（心筋電極の場合）
3738,無心体双胎焼灼術（一連につき）
3739,胎児輸血術及び臍帯穿刺
3744,認知症ケア加算２
3745,ＢＲＣＡ１／２遺伝子検査（血液を検体とするもの）
3746,経頭蓋磁気刺激療法
3747,緩和ケア病棟入院料１
3748,外来栄養食事指導料の注２
3752,同種クリオプレシピテート作製術
3753,経皮的冠動脈形成術（特殊カテーテルによるもの）
3754,地域包括ケア病棟特別入院料
3756,地域包括ケア病棟特別入院料２
3758,地域包括ケア病棟特別入院料４
3760,地域包括ケア病棟特別入院料２（特定地域）
3762,地域包括ケア病棟特別入院料４（特定地域）
3764,小児かかりつけ診療料２
3765,外来腫瘍化学療法診療料１
3766,外来腫瘍化学療法診療料２
3767,外来データ提出加算
3768,こころの連携指導料（Ⅰ）
3769,こころの連携指導料（Ⅱ）
3770,禁煙治療補助システム指導管理加算
3771,在宅データ提出加算
3772,重症患者搬送加算
3773,在宅患者訪問看護・指導料の注１６（同一建物居住者訪問看護・指導料の注６の規定により準用する場合を含む。）に規定する専門管理加算（緩和・褥瘡・人工肛門・人工膀胱）
3774,在宅患者訪問看護・指導料の注１６（同一建物居住者訪問看護・指導料の注６の規定により準用する場合を含む。）に規定する専門管理加算（特定行為）
3775,染色体検査の注２に規定する基準（絨毛染色体検査）
3776,抗アデノ随伴ウイルス９型（ＡＡＶ９）抗体
3777,前立腺針生検法（ＭＲＩ撮影及び超音波検査融合画像によるもの）
3778,二次性骨折予防継続管理料３
3779,肝エラストグラフィ加算
3780,リハビリテーションデータ提出加算
3781,療養生活継続支援加算
3782,依存症集団療法３
3783,導入期加算３及び腎代替療法実績加算
3784,難治性高コレステロール血症に伴う重度尿蛋白を呈する糖尿病性腎症に対する ＬＤＬアフェレシス療法
3785,移植後抗体関連型拒絶反応治療における血漿交換療法
3786,自家脂肪注入
3787,緊急整復固定加算及び緊急挿入加算
3788,内視鏡下脳腫瘍生検術及び内視鏡下脳腫瘍摘出術
3789,癒着性脊髄くも膜炎手術（脊髄くも膜剥離操作を行うもの）
3790,舌下神経電気刺激装置植込術
3791,角結膜悪性腫瘍切除手術
3792,緑内障手術（濾過胞再建術（needle 法））
3793,経外耳道的内視鏡下鼓室形成術
3794,植込型骨導補聴器（直接振動型）植込術
3795,耳管用補綴材挿入術
3796,鏡視下咽頭悪性腫瘍手術（軟口蓋悪性腫瘍手術を含む。）（内視鏡手術用支援機器を用いる場合）及び鏡視下喉頭悪性腫瘍手術（内視鏡手術用支援機器を用
3797,内喉頭筋内注入術（ボツリヌス毒素によるもの）
3798,頭頸部悪性腫瘍光線力学療法
3799,胸腔鏡下肺悪性腫瘍手術（気管支形成を伴う肺切除）
3800,経カテーテル弁置換術（経肺的肺動脈弁置換術）
3801,不整脈手術 左心耳閉鎖術（胸腔鏡下によるもの）
3802,腹腔鏡下リンパ節群郭清術（側方）
3803,内視鏡的逆流防止粘膜切除術
3804,腹腔鏡下総胆管拡張症手術（内視鏡手術用支援機器を用いる場合）
3805,腹腔鏡下胆嚢悪性腫瘍手術（胆嚢床切除を伴うもの）
3806,腹腔鏡下肝切除術（内視鏡手術用支援機器を用いる場合）
3807,移植用部分肝採取術（生体）（腹腔鏡によるもの）
3808,腹腔鏡下結腸悪性腫瘍切除術（内視鏡手術用支援機器を用いる場合）
3809,内視鏡的小腸ポリープ切除術
3810,腹腔鏡下副腎摘出術（内視鏡手術用支援機器を用いるもの）及び腹腔鏡下副腎髄質腫瘍摘出術（褐色細胞腫）（内視鏡手術用支援機器を用いるもの）
3811,副腎腫瘍ラジオ波焼灼療法
3812,有床診療所在宅患者支援病床初期加算（有床診療所入院基本料）
3813,膀胱頸部形成術（膀胱頸部吊上術以外）、埋没陰茎手術及び陰嚢水腫手術（鼠径部切開によるもの）
3814,精巣内精子採取術
3815,腹腔鏡下子宮瘢痕部修復術
3816,体外式膜型人工肺管理料
3817,周術期栄養管理実施加算
3818,周術期薬剤管理加算
3819,急性期充実体制加算
3820,摂食機能療法の注３に規定する摂食嚥下機能回復体制加算２
3821,摂食機能療法の注３に規定する摂食嚥下機能回復体制加算３
3822,ホウ素中性子捕捉療法
3823,ホウ素中性子捕捉療法適応判定加算
3824,ホウ素中性子捕捉療法医学管理加算
3825,情報通信機器を用いた診療に係る基準
3826,外来感染対策向上加算
3827,連携強化加算（外来感染対策向上加算）
3828,サーベイランス強化加算（外来感染対策向上加算）
3829,入院栄養管理体制加算（特定機能病院入院基本料）
3830,精神科充実体制加算（急性期充実体制加算）
3831,看護補助体制充実加算（療養病棟入院基本料）
3832,看護補助体制充実加算（地域包括ケア病棟入院料）
3833,看護補助体制充実加算（障害者施設等入院基本料）
3834,看護補助体制充実加算（急性期看護補助体制加算）
3835,放射線治療病室管理加算（治療用放射性同位元素による場合）
3836,放射線治療病室管理加算（密封小線源による場合）
3837,感染対策向上加算３
3838,指導強化加算（感染対策向上加算）
3839,重症患者初期支援充実加算
3840,報告書管理体制加算
3841,地域連携分娩管理加算
3842,術後疼痛管理チーム加算
3843,算定上限日数に関する基準
3844,精神疾患診断治療初回加算（救命救急入院料）
3845,重症患者対応体制強化加算（救命救急入院料、特定集中治療室管理料）
3846,成育連携支援加算（総合周産期特定集中治療室管理料）
3847,無菌治療管理加算１（小児入院医療管理料）
3848,無菌治療管理加算２（小児入院医療管理料）
3849,養育支援体制加算（小児入院医療管理料）
3850,時間外受入体制強化加算１（小児入院医療管理料）
3851,時間外受入体制強化加算２（小児入院医療管理料）
3852,回復期リハビリテーション病棟入院料５
3853,地域包括ケア病棟入院料３、地域包括ケア入院医療管理料３、地域包括ケア病棟入院料４又は地域包括ケア入院医療管理料４の注１０
3854,地域包括ケア病棟入院料２、地域包括ケア入院医療管理料２、地域包括ケア病棟入院料４又は地域包括ケア入院医療管理料４の注１１
3855,精神科救急医療体制加算１（精神科救急急性期医療入院料）
3856,精神科救急医療体制加算２（精神科救急急性期医療入院料）
3857,精神科救急医療体制加算３（精神科救急急性期医療入院料）
3858,特定機能病院リハビリテーション病棟入院料
3859,一般不妊治療管理料
3860,生殖補助医療管理料２
3861,二次性骨折予防継続管理料２
3862,下肢創傷処置管理料
3863,外来栄養食事指導料の注３に規定する基準
3864,生殖補助医療管理料１
3865,二次性骨折予防継続管理料１
3866,連携強化加算（感染対策向上加算）
3867,サーベイランス強化加算（感染対策向上加算）
3868,看護職員処遇改善評価料１
3869,看護職員処遇改善評価料２
3870,看護職員処遇改善評価料３
3871,看護職員処遇改善評価料４
3872,看護職員処遇改善評価料５
3873,看護職員処遇改善評価料６
3874,看護職員処遇改善評価料７
3875,看護職員処遇改善評価料８
3876,看護職員処遇改善評価料９
3877,看護職員処遇改善評価料１０
3878,看護職員処遇改善評価料１１
3879,看護職員処遇改善評価料１２
3880,看護職員処遇改善評価料１３
3881,看護職員処遇改善評価料１４
3882,看護職員処遇改善評価料１５
3883,看護職員処遇改善評価料１６
3884,看護職員処遇改善評価料１７
3885,看護職員処遇改善評価料１８
3886,看護職員処遇改善評価料１９
3887,看護職員処遇改善評価料２０
3888,看護職員処遇改善評価料２１
3889,看護職員処遇改善評価料２２
3890,看護職員処遇改善評価料２３
3891,看護職員処遇改善評価料２４
3892,看護職員処遇改善評価料２５
3893,看護職員処遇改善評価料２６
3894,看護職員処遇改善評価料２７
3895,看護職員処遇改善評価料２８
3896,看護職員処遇改善評価料２９
3897,看護職員処遇改善評価料３０
3898,看護職員処遇改善評価料３１
3899,看護職員処遇改善評価料３２
3900,看護職員処遇改善評価料３３
3901,看護職員処遇改善評価料３４
3902,看護職員処遇改善評価料３５
3903,看護職員処遇改善評価料３６
3904,看護職員処遇改善評価料３７
3905,看護職員処遇改善評価料３８
3906,看護職員処遇改善評価料３９
3907,看護職員処遇改善評価料４０
3908,看護職員処遇改善評価料４１
3909,看護職員処遇改善評価料４２
3910,看護職員処遇改善評価料４３
3911,看護職員処遇改善評価料４４
3912,看護職員処遇改善評価料４５
3913,看護職員処遇改善評価料４６
3914,看護職員処遇改善評価料４７
3915,看護職員処遇改善評価料４８
3916,看護職員処遇改善評価料４９
3917,看護職員処遇改善評価料５０
3918,看護職員処遇改善評価料５１
3919,看護職員処遇改善評価料５２
3920,看護職員処遇改善評価料５３
3921,看護職員処遇改善評価料５４
3922,看護職員処遇改善評価料５５
3923,看護職員処遇改善評価料５６
3924,看護職員処遇改善評価料５７
3925,看護職員処遇改善評価料５８
3926,看護職員処遇改善評価料５９
3927,看護職員処遇改善評価料６０
3928,看護職員処遇改善評価料６１
3929,看護職員処遇改善評価料６２
3930,看護職員処遇改善評価料６３
3931,看護職員処遇改善評価料６４
3932,看護職員処遇改善評価料６５
3933,看護職員処遇改善評価料６６
3934,看護職員処遇改善評価料６７
3935,看護職員処遇改善評価料６８
3936,看護職員処遇改善評価料６９
3937,看護職員処遇改善評価料７０
3938,看護職員処遇改善評価料７１
3939,看護職員処遇改善評価料７２
3940,看護職員処遇改善評価料７３
3941,看護職員処遇改善評価料７４
3942,看護職員処遇改善評価料７５
3943,看護職員処遇改善評価料７６
3944,看護職員処遇改善評価料７７
3945,看護職員処遇改善評価料７８
3946,看護職員処遇改善評価料７９
3947,看護職員処遇改善評価料８０
3948,看護職員処遇改善評価料８１
3949,看護職員処遇改善評価料８２
3950,看護職員処遇改善評価料８３
3951,看護職員処遇改善評価料８４
3952,看護職員処遇改善評価料８５
3953,看護職員処遇改善評価料８６
3954,看護職員処遇改善評価料８７
3955,看護職員処遇改善評価料８８
3956,看護職員処遇改善評価料８９
3957,看護職員処遇改善評価料９０
3958,看護職員処遇改善評価料９１
3959,看護職員処遇改善評価料９２
3960,看護職員処遇改善評価料９３
3961,看護職員処遇改善評価料９４
3962,看護職員処遇改善評価料９５
3963,看護職員処遇改善評価料９６
3964,看護職員処遇改善評価料９７
3965,看護職員処遇改善評価料９８
3966,看護職員処遇改善評価料９９
3967,看護職員処遇改善評価料１００
3968,看護職員処遇改善評価料１０１
3969,看護職員処遇改善評価料１０２
3970,看護職員処遇改善評価料１０３
3971,看護職員処遇改善評価料１０４
3972,看護職員処遇改善評価料１０５
3973,看護職員処遇改善評価料１０６
3974,看護職員処遇改善評価料１０７
3975,看護職員処遇改善評価料１０８
3976,看護職員処遇改善評価料１０９
3977,看護職員処遇改善評価料１１０
3978,看護職員処遇改善評価料１１１
3979,看護職員処遇改善評価料１１２
3980,看護職員処遇改善評価料１１３
3981,看護職員処遇改善評価料１１４
3982,看護職員処遇改善評価料１１５
3983,看護職員処遇改善評価料１１６
3984,看護職員処遇改善評価料１１７
3985,看護職員処遇改善評価料１１８
3986,看護職員処遇改善評価料１１９
3987,看護職員処遇改善評価料１２０
3988,看護職員処遇改善評価料１２１
3989,看護職員処遇改善評価料１２２
3990,看護職員処遇改善評価料１２３
3991,看護職員処遇改善評価料１２４
3992,看護職員処遇改善評価料１２５
3993,看護職員処遇改善評価料１２６
3994,看護職員処遇改善評価料１２７
3995,看護職員処遇改善評価料１２８
3996,看護職員処遇改善評価料１２９
3997,看護職員処遇改善評価料１３０
3998,看護職員処遇改善評価料１３１
3999,看護職員処遇改善評価料１３２
4000,看護職員処遇改善評価料１３３
4001,看護職員処遇改善評価料１３４
4002,看護職員処遇改善評価料１３５
4003,看護職員処遇改善評価料１３６
4004,看護職員処遇改善評価料１３７
4005,看護職員処遇改善評価料１３８
4006,看護職員処遇改善評価料１３９
4007,看護職員処遇改善評価料１４０
4008,看護職員処遇改善評価料１４１
4009,看護職員処遇改善評価料１４２
4010,看護職員処遇改善評価料１４３
4011,看護職員処遇改善評価料１４４
4012,看護職員処遇改善評価料１４５
4013,看護職員処遇改善評価料１４６
4014,看護職員処遇改善評価料１４７
4015,看護職員処遇改善評価料１４８
4016,看護職員処遇改善評価料１４９
4017,看護職員処遇改善評価料１５０
4018,看護職員処遇改善評価料１５１
4019,看護職員処遇改善評価料１５２
4020,看護職員処遇改善評価料１５３
4021,看護職員処遇改善評価料１５４
4022,看護職員処遇改善評価料１５５
4023,看護職員処遇改善評価料１５６
4024,看護職員処遇改善評価料１５７
4025,看護職員処遇改善評価料１５８
4026,看護職員処遇改善評価料１５９
4027,看護職員処遇改善評価料１６０
4028,看護職員処遇改善評価料１６１
4029,看護職員処遇改善評価料１６２
4030,看護職員処遇改善評価料１６３
4031,看護職員処遇改善評価料１６４
4032,看護職員処遇改善評価料１６５
8001,一般病棟特別入院基本料（患者の要件により算定するもの）（名寄せコード）
8002,結核病棟特別入院基本料（患者の要件により算定するもの）（名寄せコード）
8003,結核病棟入院基本料（特別入院基本料等以外）（名寄せコード）
8005,精神病棟入院基本料（特別入院基本料等以外）（名寄せコード）
8006,障害者施設等入院基本料（特別入院基本料等含む）（名寄せコード）
8008,脳血管疾患等リハビリテーション料（２）又は（３）（注５に規定する施設基準）（名寄せコード）
8009,運動器リハビリテーション料（１）、（２）又は（３）（注５に規定する施設基準）（名寄せコード）
8010,療養病棟入院基本料１入院基本料Ｉ（患者の要件により算定するもの）（名寄せコード）
8011,精神病棟１５対１入院基本料（患者の要件により算定するもの）（名寄せコード）
8012,療養病棟入院料２入院料Ｉ（患者の要件により算定するもの）（医科）（名寄せコード）
8013,精神病棟入院基本料（特別入院基本料等）（名寄せコード）
8014,デングウイルス抗原定性及びデングウイルス抗原・抗体同時測定定性（名寄せコード）
8015,療養病棟入院基本料 注８（名寄せコード）
8016,外来リハビリテーション診療料（名寄せコード）
8017,経皮的大動脈遮断術及びダメージコントロール手術（名寄せコード）
8018,一般病棟特別入院基本料等（名寄せコード）
8020,一般病棟入院基本料（名寄せコード）
8021,一般病棟入院基本料（急性期一般入院基本料）（名寄せコード）
8022,療養病棟入院基本料（名寄せコード）
8023,療養病棟入院料１入院料Ｉ（患者の要件により算定するもの）（歯科）（名寄せコード）
8024,療養病棟入院料２入院料Ｉ（患者の要件により算定するもの）（歯科）（名寄せコード）
8025,地域一般入院基本料（名寄せコード）
8026,初診料注１又は注２（Ｃ０００注１４に規定する施設基準）（歯科）（名寄せコード）
880,入院対象者入院医学管理料
881,通院対象者通院医学管理料
882,医療観察精神科作業療法
883,医療観察精神科デイ・ケア「大規模なもの」
884,医療観察精神科デイ・ケア「小規模なもの」
885,医療観察精神科ナイト・ケア
886,医療観察精神科デイ・ナイト・ケア
887,医療観察精神科ショート・ケア「大規模なもの」
888,医療観察精神科ショート・ケア「小規模なもの」
889,通院対象者社会復帰体制強化加算
891,医療観察治療抵抗性統合失調症治療指導管理料
896,医療観察認知療法・認知行動療法ロ
897,医療観察認知療法・認知行動療法イ
898,医療観察児童思春期精神科専門管理加算
899,医療観察依存症集団療法（薬物依存症）
900,医療観察依存症集団療法（ギャンブル依存症）
901,医療観察依存症集団療法（アルコール依存症）
1305,クラウン・ブリッジ維持管理料
1306,顎口腔機能診断料
1310,歯科治療時医療管理料
1311,地域医療連携体制加算
1313,地域歯科診療支援病院歯科初診料
1315,歯科矯正診断料
1318,地域歯科診療支援病院入院加算
1319,医療機器安全管理料（歯科）
1320,在宅療養支援歯科診療所２
1321,う蝕歯無痛的窩洞形成加算
1322,歯周組織再生誘導手術
1325,手術時歯根面レーザー応用加算
1326,有床義歯修理及び有床義歯内面適合法の歯科技工加算１及び２
1327,在宅患者歯科治療時医療管理料
1330,歯科画像診断管理加算２
1331,上顎骨形成術（骨移動を伴う場合に限る。）、下顎骨形成術（骨移動を伴う場合に限る。）（歯科診療）
1332,広範囲顎骨支持型装置埋入手術
1333,歯科診療特別対応連携加算
1334,歯科画像診断管理加算１
1335,在宅歯科医療推進加算
1336,歯科口腔リハビリテーション料２
1337,歯科点数表第２章第８部処置の通則第６号に掲げる処置の休日加算１
1338,歯科点数表第２章第８部処置の通則第６号に掲げる処置の時間外加算１
1339,歯科点数表第２章第８部処置の通則第６号に掲げる処置の深夜加算１
1340,ＣＡＤ／ＣＡＭ冠及びＣＡＤ／ＣＡＭインレー
1341,歯科点数表第２章第９部手術の通則第９号に掲げる手術の休日加算１
1342,歯科点数表第２章第９部手術の通則第９号に掲げる手術の時間外加算１
1343,歯科点数表第２章第９部手術の通則第９号に掲げる手術の深夜加算１
1344,口腔病理診断管理加算１
1345,口腔病理診断管理加算２
1346,かかりつけ歯科医機能強化型歯科診療所
1347,歯科訪問診療料の注１３に規定する基準
1349,手術用顕微鏡加算
1350,歯根端切除手術の注３
1351,初診料（歯科）の注１に掲げる基準
1352,歯科外来診療環境体制加算１
1353,在宅療養支援歯科診療所１
1355,有床義歯咀嚼機能検査２のイ
1356,有床義歯咀嚼機能検査２のロ及び咬合圧検査
1357,精密触覚機能検査
1358,口腔粘膜処置
1359,口腔粘膜血管腫凝固術
1360,有床義歯咀嚼機能検査１のイ
1361,有床義歯咀嚼機能検査１のロ及び咀嚼能力検査
1362,歯科外来診療環境体制加算２
1363,睡眠時歯科筋電図検査（一連につき）
1365,歯科麻酔管理料
1366,顎関節人工関節全置換術
1367,口腔細菌定量検査