3	特定機能病院
6	精神病棟
9	特殊疾患入院施設管理加算
14	精神科作業療法
15	精神科デイ・ケア「大規模なもの」
19	重症者等療養環境特別加算
22	開放型病院共同指導料
23	精神科
29	精神科ナイト・ケア
31	精神科応急入院施設管理加算
35	人工膵臓検査、人工膵臓療法
36	薬剤管理指導料
40	体外衝撃波腎・尿管結石破砕術
45	重度認知症患者デイ・ケア料
57	療養環境加算
61	結核病棟
63	精神科デイ・ケア「小規模なもの」
70	体外衝撃波胆石破砕術
90	療養病棟療養環境加算１
91	療養病棟療養環境加算２
96	在宅がん医療総合診療料
98	人工内耳植込術
100	補助人工心臓
104	精神科デイ・ナイト・ケア
117	総合周産期特定集中治療室管理料１
118	精神科急性期治療病棟入院料１
119	精神科急性期治療病棟入院料２
124	難病患者リハビリテーション料
125	植込除細動器移植(経静脈)、交換(他)、抜去
133	精神療養病棟入院料
146	地域医療支援病院
152	生体部分肝移植術
159	ペースメーカー移植術、交換術
160	大動脈バルーンパンピング法（ＩＡＢＰ法）
168	心臓カテ血管内視鏡検査加算
169	長期継続頭蓋内脳波検査
170	補聴器適合検査
172	脳刺激装置植込術及び脳刺激装置交換術
173	放射線治療専任加算
207	精神病棟入院時医学管理加算
208	一類感染症患者入院医療管理料
209	特殊疾患入院医療管理料
214	短期滞在手術等基本料１
217	脊髄刺激装置植込術、脊髄刺激装置交換術
224	緩和ケア診療加算
231	小児入院医療管理加算（保育士１名）
233	地域連携小児夜間・休日診療料１
236	画像診断管理加算１
237	画像診断管理加算２
238	遠隔画像診断
243	エタノールの局所注入（甲状腺）
369	医療保護入院等診療料
370	両心室ペースメーカー移植、交換(経静脈)
371	経皮的中隔心筋焼灼術
373	直線加速器による定位放射線治療
376	エタノールの局所注入（副甲状腺）
606	褥瘡ハイリスク患者ケア加算
607	ハイリスク分娩管理加算
608	脳卒中ケアユニット入院医療管理料
609	ウイルス疾患指導料
610	喘息治療管理料
611	地域連携小児夜間・休日診療料２
612	ニコチン依存症管理料
615	ハイリスク妊産婦共同管理料（１）
618	小児食物アレルギー負荷検査
628	障害児（者）リハビリテーション料
629	精神科ショート・ケア「大規模なもの」
630	精神科ショート・ケア「小規模なもの」
633	同種死体肺移植術
634	同種心移植術
635	同種心肺移植術
636	同種死体肝移植術
637	同種死体膵移植術、同種死体膵腎移植術
638	腹腔鏡下前立腺悪性腫瘍手術
640	輸血管理料１
641	輸血管理料２
642	入院時食事療養（１）入院時生活療養（１）
673	超急性期脳卒中加算
676	精神科地域移行実施加算
677	精神科身体合併症管理加算
678	ハイリスク妊娠管理加算
689	精神科救急・合併症入院料
690	糖尿病合併症管理料
692	医療機器安全管理料１
693	医療機器安全管理料２
697	遺伝カウンセリング加算
698	神経学的検査
701	冠動脈ＣＴ撮影加算
702	心臓ＭＲＩ撮影加算
704	集団コミュニケーション療法料
705	強度変調放射線治療（ＩＭＲＴ）
713	特殊疾患病棟入院料１
714	特殊疾患病棟入院料２
717	認知症治療病棟入院料１
718	認知症治療病棟入院料２
721	在宅時医学総合管理料及び施設入居時等医学
725	コンタクトレンズ検査料１
727	無菌製剤処理料
728	外来化学療法加算１
729	外来化学療法加算２
730	心大血管疾患リハビリテーション料（１）
731	心大血管疾患リハビリテーション料（２）
732	脳血管疾患等リハビリテーション料（１）
733	脳血管疾患等リハビリテーション料（２）
734	脳血管疾患等リハビリテーション料（３）
737	呼吸器リハビリテーション料（１）
738	呼吸器リハビリテーション料（２）
739	頭蓋骨形成手術（骨移動を伴う）
740	上顎骨・下顎骨形成術（骨移動を伴う）
741	生体部分肺移植術
742	両室ペーシング除細動器移植、交換(経静脈)
745	同種死体腎移植術
746	生体腎移植術
747	焦点式高エネルギー超音波療法
749	外来放射線治療加算
750	デジタル病理画像による術中迅速病理組織
762	依存症入院医療管理加算
763	摂食障害入院医療管理加算
764	栄養サポートチーム加算
775	呼吸ケアチーム加算
777	救命救急入院料１
778	救命救急入院料２
779	救命救急入院料３
780	救命救急入院料４
783	高度医療体制加算
784	小児加算（救命救急入院料）
787	特定集中治療室管理料（小児加算）
790	新生児治療回復室入院医療管理料
791	小児入院医療管理料１
792	小児入院医療管理料２
793	小児入院医療管理料３
794	小児入院医療管理料４
795	小児入院医療管理料５
798	休日リハビリテーション提供体制加算
803	がん性疼痛緩和指導管理料
806	地域連携夜間・休日診療料
810	がん治療連携計画策定料
811	がん治療連携指導料
813	肝炎インターフェロン治療計画料
815	在宅血液透析指導管理料
816	ＨＰＶ核酸検出
817	検体検査管理加算（１）
818	検体検査管理加算（２）
819	検体検査管理加算（３）
820	検体検査管理加算（４）
822	胎児心エコー法
824	内服・点滴誘発試験
826	外傷全身ＣＴ加算
827	抗悪性腫瘍剤処方管理加算
828	運動器リハビリテーション料（１）
829	運動器リハビリテーション料（２）
830	運動器リハビリテーション料（３）
831	がん患者リハビリテーション料
833	皮膚悪性腫瘍センチネルリンパ節生検加算
834	治療的角膜切除術（エキシマレーザー）
839	腹腔鏡下肝切除術（部分及び外側区域切除）
840	膀胱水圧拡張及びハンナ型間質性膀胱炎手術
841	麻酔管理料１
842	麻酔管理料２
843	画像誘導放射線治療加算
844	デジタル病理画像による迅速細胞診
849	リハビリテーション総合計画評価料１
852	ＣＴ撮影（１６列以上マルチスライス型）
853	ＣＴ撮影（１６列未満マルチスライス型）
858	有床診療所急性期患者支援病床初期加算
859	有床診急性期在宅患者支援療養病床初期加算
3001	時間外対応加算１
3002	時間外対応加算４
3006	看取り加算
3012	２５対１急性期看護補助体制加算 ５割未満
3013	夜間５０対１急性期看護補助体制加算
3014	夜間１００対１急性期看護補助体制加算
3016	療養病棟療養環境改善加算１
3017	療養病棟療養環境改善加算２
3018	診療所療養病床療養環境改善加算
3019	無菌治療室管理加算１
3020	無菌治療室管理加算２
3021	緩和ケア診療加算（地域指定）
3022	有床診療所緩和ケア診療加算
3023	精神科リエゾンチーム加算
3024	栄養サポートチーム加算（地域指定）
3025	感染対策向上加算１(旧感染防止対策加算１)
3026	感染対策向上加算２(旧感染防止対策加算２)
3028	患者サポート体制充実加算
3029	入退院支援加算２
3030	精神科救急搬送患者地域連携紹介加算
3031	精神科救急搬送患者地域連携受入加算
3033	病棟薬剤業務実施加算１
3036	小児特定集中治療室管理料
3039	児童・思春期精神科入院医療管理料
3041	認知症夜間対応加算（認知症治療病棟）
3042	特定一般病棟入院料１
3043	特定一般病棟入院料２
3044	一般病棟看護必要度評価加算 特定一般病棟
3047	外来緩和ケア管理料
3049	糖尿病透析予防指導管理料
3050	院内トリアージ実施料
3053	外来放射線照射診療料
3055	在宅療養支援診療所（１）
3056	在宅療養支援診療所（２）
3057	在宅療養支援病院（１）
3058	在宅療養支援病院（２）
3059	同一建物居住者訪問看護・指導料
3060	時間内歩行試験･シャトルウォーキング
3061	ヘッドアップティルト試験
3062	ロービジョン検査判断料
3063	ＣＴ透視下気管支鏡検査加算
3064	ＣＴ撮影（６４列以上）その他の場合
3066	ＭＲＩ撮影（３テスラ以上）その他の場合
3067	初期加算（リハビリテーション料）及び急性期リハビリテーション加算
3069	抗精神病特定薬剤治療指導管理料
3070	重度認知症患者デイ・ケア（夜間ケア加算）
3071	透析液水質確保加算・慢性維持透析濾過加算
3072	腫瘍脊椎骨全摘術
3073	網膜付着組織を含む硝子体切除術
3074	腹腔鏡下膵体尾部腫瘍切除術
3075	早期悪性腫瘍大腸粘膜下層剥離術
3076	腎腫瘍凝固・焼灼術（冷凍凝固によるもの）
3077	腹腔鏡下膀胱悪性腫瘍手術
3078	人工尿道括約筋植込・置換術
3079	内視鏡的胎盤吻合血管レーザー焼灼術
3080	輸血適正使用加算
3081	自己生体組織接着剤作成術
3082	人工肛門・人工膀胱造設術前処置加算
3083	腹腔鏡下前立腺悪性腫瘍手術（内視鏡機器）
3085	体外照射呼吸性移動対策加算
3086	定位放射線治療呼吸性移動対策加算 追尾法
3087	病理診断管理加算１
3088	病理診断管理加算２
3154	植込型補助人工心臓（非拍動流型）
3155	時間外対応加算３
3156	５０対１急性期看護補助体制加算
3157	７５対１急性期看護補助体制加算
3158	診療所療養病床療養環境加算
3162	回復期リハ病棟入院料４（旧入院料２）
3168	在宅療養支援診療所（３）
3169	在宅療養支援病院（３）
3170	脳磁図(その他のもの)
3171	ＭＲＩ撮影（１．５テスラ以上の機器）
3176	定位放射線治療呼吸性移動対策加算 その他
3177	保険医療機関間の連携による病理診断
3185	重症者加算１
3191	磁気ナビゲーション加算
3192	体外衝撃波膵石破砕術
3193	経カテーテル大動脈弁置換術(経心尖経皮的)
3195	地域包括診療加算２
3198	急性期一般入院料６（旧入院料７）
3199	地域一般入院料２（旧１３対１）
3200	地域一般入院料３（旧１５対１）
3203	急性期一般入院料６（超過減算）旧入院料７
3204	地域一般入院料２（超過減算）旧１３対１
3205	地域一般入院料３（超過減算）旧１５対１
3206	看護必要度加算２（特定・専門）
3207	看護必要度加算３（特定・専門）
3210	在宅復帰機能強化加算
3211	結核病棟７対１入院基本料
3213	結核病棟１０対１入院基本料
3214	結核病棟１３対１入院基本料
3215	結核病棟１５対１入院基本料
3216	結核病棟１８対１入院基本料
3217	結核病棟２０対１入院基本料
3218	結核病棟入院基本料７対１（超過減算）
3220	結核病棟入院基本料１０対１（超過減算）
3221	結核病棟入院基本料１３対１（超過減算）
3222	結核病棟入院基本料１５対１（超過減算）
3223	結核病棟入院基本料１８対１（超過減算）
3224	結核病棟入院基本料２０対１（超過減算）
3225	精神病棟１０対１入院基本料
3226	精神病棟１３対１入院基本料
3227	精神病棟１５対１入院基本料
3228	精神病棟１８対１入院基本料
3229	精神病棟２０対１入院基本料
3230	精神病棟入院基本料１０対１（超過減算）
3231	精神病棟入院基本料１３対１（超過減算）
3232	精神病棟入院基本料１５対１（超過減算）
3233	精神病棟入院基本料１８対１（超過減算）
3234	精神病棟入院基本料２０対１（超過減算）
3235	精神保健福祉士配置加算（精神病棟）
3236	特定一般病棟７対１入院基本料
3238	特定一般病棟１０対１入院基本料
3239	特定結核病棟７対１入院基本料
3240	特定結核病棟１０対１入院基本料
3241	特定結核病棟１３対１入院基本料
3242	特定結核病棟１５対１入院基本料
3243	特定精神病棟７対１入院基本料
3244	特定精神病棟１０対１入院基本料
3245	特定精神病棟１３対１入院基本料
3246	特定精神病棟１５対１入院基本料
3247	専門病院７対１入院基本料
3249	専門病院１０対１入院基本料
3250	専門病院１３対１入院基本料
3251	障害者施設等７対１入院基本料
3252	障害者施設等１０対１入院基本料
3253	障害者施設等１３対１入院基本料
3254	障害者施設等１５対１入院基本料
3255	障害者施設等入院基本料７対１（超過減算）
3256	障害者施設等入院基本料１０対１ 超過減算
3257	障害者施設等入院基本料１３対１ 超過減算
3258	障害者施設等入院基本料１５対１ 超過減算
3259	有床診療所入院基本料１
3260	有床診療所入院基本料２
3261	有床診療所入院基本料３
3262	有床診療所入院基本料４
3263	有床診療所入院基本料５
3264	有床診療所入院基本料６
3265	看護補助配置加算１
3266	看護補助配置加算２
3267	栄養管理実施加算
3268	総合入院体制加算１
3269	総合入院体制加算３
3270	診療録管理体制加算２（旧加算１）
3271	診療録管理体制加算３（旧加算２）
3272	医師事務作業補助体制加算１(１５対１)
3273	医師事務作業補助体制加算１(２０対１)
3274	医師事務作業補助体制加算１(２５対１)
3275	医師事務作業補助体制加算１(３０対１)
3276	医師事務作業補助体制加算１(４０対１)
3277	医師事務作業補助体制加算１(５０対１)
3278	医師事務作業補助体制加算１(７５対１)
3279	医師事務作業補助体制加算１(１００対１)
3280	医師事務作業補助体制加算２(１５対１)
3281	医師事務作業補助体制加算２(２０対１)
3282	医師事務作業補助体制加算２(２５対１)
3283	医師事務作業補助体制加算２(３０対１)
3284	医師事務作業補助体制加算２(４０対１)
3285	医師事務作業補助体制加算２(５０対１)
3286	医師事務作業補助体制加算２(７５対１)
3287	医師事務作業補助体制加算２(１００対１)
3288	２５対１急性期看護補助体制加算 ５割以上
3289	夜間３０対１急性期看護補助体制加算
3290	看護職員夜間１２対１配置加算２
3291	医療安全対策加算１
3292	医療安全対策加算２
3293	褥瘡ハイリスク患者ケア加算（特定地域）
3294	入退院支援加算（特定地域）
3300	特定集中治療室管理料１
3301	特定集中治療室管理料２
3302	特定集中治療室管理料３
3303	特定集中治療室管理料４
3304	ハイケアユニット入院医療管理料１
3305	ハイケアユニット入院医療管理料２
3306	新生児特定集中治療室管理料１
3307	新生児特定集中治療室管理料２
3309	総合周産期特定集中治療室管理料２
3310	回復期リハ病棟入院料２（旧入院料１）
3312	地域包括ケア病棟入院料２(旧入院料１)
3313	地包ケア入院医療管理料２(旧管理料１)
3314	地域包括ケア病棟入院料４（旧入院料２）
3315	地包ケア入院医療管理料４(旧管理料２)
3316	地包ケア入院料２(旧入院料１)特定地域
3317	地包ケア管理料２（旧管理料１）特定地域
3318	地包ケア病棟入院料４(旧入院料２)特定地域
3319	地包ケア管理料４（旧管理料２）特定地域
3320	看護職員配置加算（地域包括ケア病棟）
3321	看護補助者配置加算（地域包括ケア病棟）
3322	精神科救急急性期医療入院料
3323	（旧）精神科救急入院料２
3325	精神保健福祉士配置加算（精神療養）
3326	地包ケア管理料２（旧管理料１）特定一般
3327	地包ケア管理料４（旧管理料２）特定一般
3332	がん患者指導管理料（イ）
3333	がん患者指導管理料（ロ）
3334	がん患者指導管理料（ハ）
3335	外来緩和ケア管理料（特定地域）
3336	移植後患者指導管理料（臓器移植後）
3337	移植後患者指導管理料（造血幹細胞移植後）
3338	糖尿病透析予防指導管理料（特定地域）
3339	地域包括診療料２
3340	在宅療養実績加算１（診療所）
3341	在宅療養実績加算１（病院）
3342	在宅療養後方支援病院
3343	在宅患者訪問褥瘡管理指導料
3345	ＨＰＶ核酸検出（簡易ジェノタイプ測定）
3346	光トポグラフィー（抑うつ症状）イの場合
3349	ポジトロン断層・ＭＲＩ断層複合撮影
3350	乳房用ポジトロン断層撮影
3358	認知症患者リハビリテーション料
3359	認知療法・認知行動療法１
3361	精神科在宅患者支援管理料
3362	医科処置の通則の５に掲げる休日加算１
3363	医科処置の通則の５に掲げる時間外加算１
3364	医科処置の通則の５に掲げる深夜加算１
3365	磁気による膀胱等刺激法
3366	組織拡張器による再建手術
3367	骨移植術（軟骨移植術を含む）（自家培養）
3368	脳腫瘍覚醒下マッピング加算
3369	原発性悪性脳腫瘍光線力学療法加算
3370	仙骨神経刺激装置植込・交換術(便失禁)
3371	羊膜移植術
3372	緑内障手術（インプラント挿入術）
3373	網膜再建術
3374	植込型骨導補聴器移植術
3375	植込型骨導補聴器交換術
3376	内視鏡下鼻副鼻腔手術 5 型･経鼻内視鏡下副鼻
3377	ゲル充填人工乳房を用いた乳房再建術
3382	胸腔鏡下動脈管開存閉鎖術
3383	内視鏡下下肢静脈瘤不全穿通枝切離術
3388	腹腔鏡下胃縮小術
3394	腹腔鏡下小切開膀胱悪性腫瘍手術
3395	腹腔鏡下子宮悪性腫瘍手術（子宮体がん）
3396	胎児胸腔・羊水腔シャント術
3397	医科手術の通則の１２に掲げる休日加算１
3398	医科手術の通則の１２に掲げる時間外加算１
3399	医科手術の通則の１２に掲げる深夜加算１
3400	貯血式自己血輸血管理体制加算（輸血）
3401	一回線量増加加算（全乳房照射）
3402	一般病棟特別入院基本料
3404	療養病棟入院料１（一般病棟入院患者）
3405	療養病棟入院料１
3406	療養病棟入院料２（注１１に係る届出）
3407	療養病棟入院基本料（特別入院基本料）
3408	結核病棟特別入院基本料
3409	精神病棟特別入院基本料
3410	夜間緊急体制確保加算（診入院）
3411	医師配置加算１
3412	医師配置加算２
3413	看護配置加算１
3414	看護配置加算２
3415	夜間看護配置加算１
3416	夜間看護配置加算２
3417	有床診療所療養病床入院基本料
3418	有床診療所療養病床入院基本料（特別）
3419	ポジトロン断層撮影
3421	ポジトロン断層・ＣＴ断層複合撮影
3422	一般病棟看護必要度評価加算（専門）
3423	医科入院料の通則８及び歯科入院料の通則７
3426	光トポグラフィー（抑うつ症状）ロの場合
3427	小児補助人工心臓
3429	急性期一般入院料６（旧急性期一般入院料７）（夜勤時間特別入院基本料）
3430	地域一般入院料２（夜勤時間特別入院基本料）
3431	地域一般入院料３（夜勤時間特別入院基本料）
3432	看護必要度加算１（特定・専門）
3434	結核病棟７対１入院基本料（夜勤時間特別入院基本料）
3435	結核病棟１０対１入院基本料（夜勤時間特別入院基本料）
3436	結核病棟１３対１入院基本料（夜勤時間特別入院基本料）
3437	結核病棟１５対１入院基本料（夜勤時間特別入院基本料）
3438	結核病棟１８対１入院基本料（夜勤時間特別入院基本料）
3439	結核病棟２０対１入院基本料（夜勤時間特別入院基本料）
3440	精神病棟１０対１入院基本料（夜勤時間特別入院基本料）
3441	精神病棟１３対１入院基本料（夜勤時間特別入院基本料）
3442	精神病棟１５対１入院基本料（夜勤時間特別入院基本料）
3443	精神病棟１８対１入院基本料（夜勤時間特別入院基本料）
3444	精神病棟２０対１入院基本料（夜勤時間特別入院基本料）
3445	有床診療所在宅復帰機能強化加算
3446	有床診療所療養病床在宅復帰機能強化加算
3447	総合入院体制加算２
3448	夜間看護体制加算
3449	看護職員夜間１２対１配置加算１
3450	看護職員夜間１６対１配置加算１
3451	後発医薬品使用体制加算１
3452	後発医薬品使用体制加算２
3453	後発医薬品使用体制加算３
3454	病棟薬剤業務実施加算２
3455	入退院支援加算１
3456	入退院支援加算３
3458	入退院支援加算（地域連携診療計画加算）
3459	認知症ケア加算１
3461	精神疾患診療体制加算
3462	重症児受入体制加算１
3464	地域移行機能強化病棟入院料
3465	重症者加算１（地域移行機能強化病棟）
3466	高度腎機能障害患者指導加算
3467	小児かかりつけ診療料１・旧小児かかりつけ
3468	在宅緩和ケア充実診療所・病院加算 診療所
3469	在宅療養実績加算２（診療所）
3470	外来排尿自立指導料
3471	地域連携診療計画加算
3472	検査画像情報提供及び電子的診療情報評価料
3473	在宅緩和ケア充実診療所・病院加算 病院
3474	在宅療養実績加算２（病院）
3475	在宅植込型補助人工心臓指導管理料
3476	持続血糖測定器加算(ポンプ連動する)
3477	遺伝学的検査の注１に規定する施設基準
3478	国際標準検査管理加算
3479	長期脳波ビデオ同時記録検査１
3480	脳波検査判断料１
3481	遠隔脳波診断
3482	コンタクトレンズ検査料２
3483	コンタクトレンズ検査料３
3484	ＣＴ撮影（６４列以上）施設共同利用
3485	ＭＲＩ撮影（３テスラ以上）施設共同利用
3486	乳房ＭＲＩ撮影加算
3487	外来後発医薬品使用体制加算１
3488	外来後発医薬品使用体制加算２
3490	リンパ浮腫複合的治療料
3491	児童思春期精神科専門管理加算
3492	救急患者精神科継続支援料
3493	認知療法・認知行動療法２(旧３)
3494	依存症集団療法１
3495	硬膜外自家血注入
3496	下肢末梢動脈疾患指導管理加算
3497	歩行運動処置
3498	骨移植術（軟骨移植術を含む。）同種骨
3499	内視鏡下甲状腺部分切除、腺腫摘出術等
3500	乳センチネルリンパ節加算１・生検（併用）
3501	乳センチネルリンパ節加算２・生検（単独）
3502	乳腺悪性腫瘍手術、乳輪温存乳房切除術
3503	肺悪性腫瘍手術
3504	内視鏡下筋層切開術
3505	骨格筋由来細胞シート心表面移植術
3506	腹腔鏡下小切開骨盤内リンパ節群郭清術等
3507	胆管悪性腫瘍手術（膵頭十二指腸切除等）
3508	腹腔鏡下膵頭部腫瘍切除術(内視鏡機器除く)
3509	腹腔鏡下腎･尿管悪性腫瘍手術(内視鏡機器)
3510	腹腔鏡下仙骨腟固定術
3511	凍結保存同種組織加算
3512	粒子線治療
3513	粒子線治療適応判定加算
3514	粒子線治療医学管理加算
3515	画像誘導密封小線源治療加算
3517	腹腔鏡下肝切除術（亜区域切除等）
3518	人工中耳植込術
3521	仙骨神経刺激装置植込・交換術(過活動膀胱)
3522	機能強化加算
3523	地域包括診療加算１
3525	急性期一般入院料１
3526	急性期一般入院料２
3527	急性期一般入院料３
3528	急性期一般入院料４
3529	急性期一般入院料５
3531	地域一般入院料１
3532	急性期一般入院料１（超過減算）
3533	急性期一般入院料２（超過減算）
3534	急性期一般入院料３（超過減算）
3535	急性期一般入院料４（超過減算）
3536	急性期一般入院料５（超過減算）
3538	地域一般入院料１（超過減算）
3539	急性期一般入院料１（夜勤時間特別入院基本料）
3540	急性期一般入院料２（夜勤時間特別入院基本料）
3541	急性期一般入院料３（夜勤時間特別入院基本料）
3542	急性期一般入院料４（夜勤時間特別入院基本料）
3543	急性期一般入院料５（夜勤時間特別入院基本料）
3545	地域一般入院料１（夜勤時間特別入院基本料）
3546	療養病棟入院料２
3548	夜間看護加算
3549	結核病棟入院基本料（注７に係る届出）
3551	看護補助加算（障害者施設等入院基本料）
3552	夜間看護体制加算(障害者施設等の注 11)
3553	看護職員夜間１６対１配置加算２
3554	医療安全対策地域連携加算１
3555	医療安全対策地域連携加算２
3558	データ提出加算１・３（許可２００床以上）
3559	データ提出加算１・３（許可２００床未満）
3560	データ提出加算２・４（許可２００床以上）
3561	データ提出加算２・４（許可２００床未満）
3562	入退院支援加算（入院時支援加算１・２）
3563	早期離床・リハビリテーション加算
3564	回復期リハ病棟入院料１
3565	回復期リハ病棟入院料３
3567	地域包括ケア病棟入院料１
3568	地域包括ケア入院医療管理料１
3569	地域包括ケア病棟入院料３
3570	地域包括ケア入院医療管理料３
3571	地域包括ケア病棟入院料１（特定地域）
3572	地域包括ケア入院医療管理料１（特定地域）
3573	地域包括ケア病棟入院料３（特定地域）
3574	地域包括ケア入院医療管理料３（特定地域）
3575	看護職員夜間配置加算（地包ケア病棟）
3577	緩和ケア病棟入院料２
3578	看護職員夜間配置加算（精神科救急急性期）
3579	看護職員夜間配置加算(精神科救急合併症)
3580	地域包括ケア入院医療管理料１（特定一般）
3581	地域包括ケア入院医療管理料３（特定一般）
3582	導入期加算２・腎代替療法実績加算
3583	乳腺炎重症化予防ケア・指導料
3584	救急搬送看護体制加算２
3585	地域包括診療料１
3587	ハイリスク妊産婦連携指導料１
3588	ハイリスク妊産婦連携指導料２
3589	遠隔モニタリング加算（在宅酸素療法）
3590	遠隔モニタリング加算（ＣＰＡＰ）
3591	在宅腫瘍治療電場療法指導管理料
3592	在宅経肛門的自己洗腸指導管理料
3593	骨髄微小残存病変量測定
3594	抗ＨＬＡ抗体(スクリーニング・抗体特異性)
3595	画像診断管理加算４(旧画像診断管理加算３)
3596	小児鎮静下ＭＲＩ撮影加算
3597	頭部ＭＲＩ撮影加算
3598	外来後発医薬品使用体制加算３
3599	人工腎臓（慢性維持透析を行った場合１）
3600	人工腎臓（慢性維持透析を行った場合２）
3601	導入期加算１（人工腎臓）
3605	皮膚移植術（死体）
3606	後縦靭帯骨化症手術（前方進入）
3607	緑内障手術(流出路再建・眼内ドレーン挿入)
3608	喉頭形成手術（甲状軟骨固定用器具）
3609	内視鏡下甲状腺悪性腫瘍手術
3610	乳腺腫瘍画像ガイド下吸引術（ＭＲＩ）
3611	乳房切除術（性同一性障害）
3612	胸腔鏡下縦隔悪性腫瘍手術（内視鏡機器）
3613	胸腔鏡下良性縦隔腫瘍手術（内視鏡機器）
3614	胸腔鏡下肺悪性腫瘍手術(肺葉切除、支機)
3615	食道縫合術（穿孔、損傷）等（内視鏡）
3616	胸腔鏡下食道悪性腫瘍手術（内視鏡機器）
3617	胸腔鏡下弁形成術
3618	胸腔鏡下弁形成術（内視鏡機器）
3619	胸腔鏡下弁置換術
3620	経皮的僧帽弁クリップ術
3621	ペースメーカー移植術･交換術(リードレス)
3622	経皮的循環補助法（ポンプカテーテル）
3623	腹腔鏡下胃切除術 単純･悪性(内視鏡機器)
3624	腹腔鏡下噴門側胃切除術･単純･悪性支援機器
3625	腹腔鏡下胃全摘術 単純全摘･悪性(支援機器)
3627	バルーン閉塞下逆行性経静脈的塞栓術
3628	腹腔鏡下胆道閉鎖症手術
3629	腹腔鏡下膵腫瘍摘出術
3630	生体部分小腸移植術
3631	同種死体小腸移植術
3632	腹腔鏡下直腸切除・切断術(内視鏡支援機器)
3633	腹腔鏡下膀胱悪性腫瘍手術（内視鏡機器）
3634	尿道形成手術（前部尿道）（性同一性障害）
3635	尿道下裂形成手術（性同一性障害）
3636	陰茎形成術（性同一性障害）
3637	陰茎全摘術（性同一性障害）
3638	精巣摘出術（性同一性障害）
3639	会陰形成手術(筋層に及ばない)性同一性障害
3640	造腟術、膣閉鎖症術（性同一性障害）
3641	子宮全摘術（性同一性障害）
3642	腹腔鏡下腟式子宮全摘術（性同一性障害）
3643	腹腔鏡下腟式子宮全摘術（内視鏡機器）
3644	腹腔鏡下子宮悪性腫瘍手術（内視鏡機器）
3645	腹腔鏡下子宮悪性腫瘍手術（子宮頸がん）
3646	子宮附属器腫瘍摘出術（性同一性障害）
3647	コーディネート体制充実加算
3648	自己クリオプレシピテート作製術（用手法）
3649	レーザー機器加算
3650	遠隔放射線治療計画加算
3651	一回線量増加加算（前立腺照射）
3652	デジタル病理画像による病理診断
3653	悪性腫瘍病理組織標本加算
3656	救急体制充実加算１
3657	救急体制充実加算２
3658	救急体制充実加算３
3659	救急医療管理加算
3666	総合機能評価加算
3667	認知症ケア加算３
3668	せん妄ハイリスク患者ケア加算
3669	精神科急性期医師配置加算１
3670	精神科急性期医師配置加算２のイ
3671	精神科急性期医師配置加算２のロ
3672	精神科急性期医師配置加算３
3673	排尿自立支援加算
3674	地域医療体制確保加算
3675	早期栄養介入管理加算
3676	遠隔モニタリング加算(ペースメーカー)
3677	がん患者指導管理料（ニ）
3678	小児運動器疾患指導管理料
3679	婦人科特定疾患治療管理料
3680	腎代替療法指導管理料
3682	救急搬送看護体制加算１
3684	連携充実加算（外来腫瘍化学療法診療料）
3685	ニコチン依存症管理料(情報通信機器)
3686	相談支援加算(療養・就労両立支援)
3688	精神科退院時共同指導料１
3689	精神科退院時共同指導料２
3690	訪問看護・指導体制充実加算
3692	持続血糖測定器加算(ポンプ連動しない)
3693	ＢＲＣＡ１／２遺伝子検査(腫瘍細胞検体)
3694	がんゲノムプロファイリング検査
3695	角膜ジストロフィー遺伝子検査
3696	先天性代謝異常症検査
3697	ウイルス・細菌核酸多項目同時検出（ＳＡＲＳ－ＣｏＶ－２核酸検出を含まないもの）
3698	遺伝性腫瘍カウンセリング加算
3699	脳磁図(自発活動を測定するもの)
3700	終夜睡眠ポリグラフィー(安全精度管理下)
3701	単線維筋電図
3702	黄斑局所網膜電図
3703	全視野精密網膜電図
3704	経気管支凍結生検法
3705	血流予備量比コンピューター断層撮影
3706	全身ＭＲＩ撮影加算
3707	摂食嚥下機能回復体制加算１(摂食嚥下加算)
3709	依存症集団療法２
3710	静脈圧迫処置(慢性静脈不全に対するもの)
3711	多血小板血漿処置
3712	心不全に対する遠赤外線温熱療法
3713	乳房切除術(遺伝性乳癌卵巣癌症候群患者)
3714	子宮附属器腫瘍摘出術(遺伝性乳癌卵巣癌)
3715	処理骨再建加算
3716	椎間板内酵素注入療法
3717	頭蓋内電極植込術(脳深部電極によるもの)
3718	角膜移植術(内皮移植加算)
3719	鏡視下咽頭悪性腫瘍手術(軟口蓋手術含む)
3720	鏡視下喉頭悪性腫瘍手術
3721	顎関節人工関節全置換術
3722	胸腔鏡下拡大胸腺摘出術(内視鏡機器)
3723	胸腔鏡下肺悪性腫瘍手術(区域切除、支機)
3724	縦隔鏡下食道悪性腫瘍手術(内視鏡機器)
3725	不整脈手術(左心耳閉鎖術･経カテーテル的)
3726	経皮的下肢動脈形成術
3727	腹腔鏡下リンパ節群郭清術(後腹膜)
3728	腹腔鏡下リンパ節群郭清術(傍大動脈)
3729	腹腔鏡下十二指腸局所切除術(処置併施)
3730	腹腔鏡下膵体尾部腫瘍切除術(内視鏡機器)
3731	腹腔鏡下膵頭部腫瘍切除術(内視鏡機器)
3732	同種死体膵島移植術
3733	腹腔鏡下腎盂形成手術(内視鏡機器)
3734	腹腔鏡下仙骨腟固定術(内視鏡機器)
3735	両心室ペースメーカー移植、交換(心筋)
3736	植込除細動器移植、交換(心筋)
3737	両室ペーシング除細動器移植、交換(心筋)
3738	無心体双胎焼灼術
3739	胎児輸血術及び臍帯穿刺
3744	認知症ケア加算２
3745	ＢＲＣＡ１／２遺伝子検査(血液検体)
3746	経頭蓋磁気刺激療法
3747	緩和ケア病棟入院料１
3748	外来栄養食事指導料の注２
3752	同種クリオプレシピテート作製術
3753	経皮的冠動脈形成術(特殊カテーテル)
3754	地域包括ケア病棟特別入院料
3764	小児かかりつけ診療料２
3765	外来腫瘍化学療法診療料１
3766	外来腫瘍化学療法診療料２
3767	外来データ提出加算
3768	こころの連携指導料（Ⅰ）
3769	こころの連携指導料（Ⅱ）
3771	在宅データ提出加算
3772	重症患者搬送加算
3773	専門管理加算（緩和･褥瘡･人工肛門･膀胱）
3774	専門管理加算（特定行為）
3775	染色体検査の注２に規定する基準
3776	抗アデノ随伴ウイルス９型（ＡＡＶ９）抗体
3777	前立腺針生検法（ＭＲＩ・超音波検査融合）
3778	二次性骨折予防継続管理料３
3779	肝エラストグラフィ加算
3780	リハビリテーションデータ提出加算
3781	療養生活継続支援加算
3782	依存症集団療法３
3783	導入期加算３・腎代替療法実績加算
3784	ＬＤＬアフェレシス療法（糖尿病性腎症）
3785	血漿交換療法(移植後拒絶反応治療)
3786	自家脂肪注入
3787	緊急整復固定加算及び緊急挿入加算
3788	内視鏡下脳腫瘍生検術及び脳腫瘍摘出術
3789	癒着性脊髄くも膜炎手術（脊髄くも膜剥離）
3790	舌下神経電気刺激装置植込術
3791	角結膜悪性腫瘍切除術
3792	緑内障手術（濾過胞再建術（needle 法））
3793	経外耳道的内視鏡下鼓室形成術
3794	植込型骨導補聴器（直接振動型）植込術
3795	耳管用補綴材挿入術
3796	鏡視下咽頭･喉頭悪性腫瘍術(内視鏡機器)
3797	内喉頭筋内注入術（ボツリヌス毒素）
3798	頭頸部悪性腫瘍光線力学療法
3799	胸腔鏡下肺悪性腫瘍手術(気管支形成肺切除)
3800	経カテーテル弁置換術（経皮的肺動脈弁）
3801	不整脈手術（左心耳閉鎖術（胸腔鏡下））
3802	腹腔鏡下リンパ節群郭清術（側方）
3803	内視鏡的逆流防止粘膜切除術
3804	腹腔鏡下総胆管拡張症手術（内視鏡機器）
3805	腹腔鏡下胆嚢悪性腫瘍手術（胆嚢床切除）
3806	腹腔鏡下肝切除術（内視鏡機器）
3807	移植用部分肝採取術（生体）（腹腔鏡）
3808	腹腔鏡下結腸悪性腫瘍切除術（内視鏡機器）
3809	内視鏡的小腸ポリープ切除術
3810	腹腔鏡下副腎･髄質腫瘍摘出術(支援機器)
3811	副腎腫瘍ラジオ波焼灼療法
3812	有床診療所在宅患者支援病床初期加算
3813	膀胱頸部形成･埋没陰茎･陰嚢水腫手術
3814	精巣内精子採取術
3815	腹腔鏡下子宮瘢痕部修復術
3816	体外式膜型人工肺管理料
3817	周術期栄養管理実施加算
3818	周術期薬剤管理加算
3819	急性期充実体制加算
3820	摂食嚥下機能回復体制加算２
3821	摂食嚥下機能回復体制加算３
3822	ホウ素中性子捕捉療法
3823	ホウ素中性子捕捉療法適応判定加算
3824	ホウ素中性子捕捉療法医学管理加算
3825	情報通信機器を用いた診療に係る基準
3826	外来感染対策向上加算
3827	連携強化加算（外来感染対策向上加算）
3828	サーベイランス強化加算(外来感染対策向上)
3829	入院栄養管理体制加算（特定機能注１０）
3830	精神科充実体制加算
3831	看護補助体制充実加算３（療養病棟注１３）
3832	看護補助体制充実加算３（地包ケア病棟注５）
3833	看護補助体制充実加算３(障害者施設等注 10)
3834	看護補助体制充実加算２（急性看補）
3835	放射線治療病室管理加算（放射性同位元素）
3836	放射線治療病室管理加算（密封小線源）
3837	感染対策向上加算３
3838	指導強化加算
3839	重症患者初期支援充実加算
3840	報告書管理体制加算
3841	地域連携分娩管理加算
3842	術後疼痛管理チーム加算
3843	算定上限日数に関する基準
3844	精神疾患診断治療初回加算
3845	重症患者対応体制強化加算
3846	成育連携支援加算
3847	無菌治療管理加算１
3848	無菌治療管理加算２
3849	養育支援体制加算
3850	時間外受入体制強化加算１
3851	時間外受入体制強化加算２
3852	回復期リハ病棟入院料５ 令和４年４月 1 日
3853	地包ケア病棟入院料・医療管理料（注１０）
3854	地包ケア病棟入院料・医療管理料（注１１）
3855	精神科救急医療体制加算１
3856	精神科救急医療体制加算２
3857	精神科救急医療体制加算３
3858	特定機能病院リハビリテーション病棟入院料
3859	一般不妊治療管理料
3860	生殖補助医療管理料２
3861	二次性骨折予防継続管理料２
3862	下肢創傷処置管理料
3863	外来栄養食事指導料の注３
3864	生殖補助医療管理料１
3865	二次性骨折予防継続管理料１
3866	連携強化加算（感染対策向上加算）
3867	サーベイランス強化加算(感染対策向上加算)
4033	医科入院料の通則９及び歯科入院料の通則８
4034	抗菌薬適正使用体制加算
4035	医療ＤＸ推進体制整備加算（医科・歯科）
4036	時間外対応加算２
4037	看護師等遠隔診療補助加算
4045	経腸栄養管理加算
4046	看護補助体制充実加算１（療養病棟注１３）
4047	看護補助体制充実加算２（療養病棟注１３）
4048	看護補助体制充実加算１(障害者施設等注 10)
4049	看護補助体制充実加算２(障害者施設等注 10)
4050	急性期充実体制加算１
4051	急性期充実体制加算２
4052	小児・周産期・精神科充実体制加算
4053	看護補助体制充実加算１（急性看補）
4054	小児緩和ケア診療加算
4055	リハビリテーション・栄養・口腔連携体制加算
4056	抗菌薬適正使用体制加算(感染対策向上加算)
4057	バイオ後続品使用体制加算
4058	薬剤業務向上加算
4059	精神科入退院支援加算
4060	医療的ケア児（者）入院前支援加算
4061	協力対象施設入所者入院加算
4062	特定集中治療室管理料５
4063	特定集中治療室管理料６
4064	新生児特定集中治療室重症児対応体制強化管理料
4065	地域包括医療病棟入院料
4066	25 対 1 看護補助体制加算(５割以上)(地包医)
4067	25 対 1 看護補助体制加算(５割未満)(地包医)
4068	50 対 1 看護補助体制加算(地包医)
4069	75 対 1 看護補助体制加算(地包医)
4070	夜間３０対１看護補助体制加算（地包医）
4071	夜間５０対１看護補助体制加算（地包医）
4072	夜間１００対１看護補助体制加算（地包医）
4073	夜間看護体制加算（地包医）
4074	看護補助体制充実加算１（地包医）
4075	看護補助体制充実加算２（地包医）
4076	看護補助体制充実加算３（地包医）
4077	看護職員夜間１２対１配置加算１（地包医）
4078	看護職員夜間１２対１配置加算２（地包医）
4079	看護職員夜間１６対１配置加算１（地包医）
4080	看護職員夜間１６対１配置加算２（地包医）
4081	リハビリテーション・栄養・口腔連携加算(地包医)
4082	小児入院医療管理加算（保育士２名以上）
4083	重症児受入体制加算２
4084	看護補助加算（小児入院医療管理料）
4085	看護補助体制充実加算（小児入院医療管理料）
4086	回復期リハビリテーション入院医療管理料
4087	看護補助体制充実加算１（地包ケア病棟注５）
4088	看護補助体制充実加算２（地包ケア病棟注５）
4089	精神科養育支援体制加算
4090	精神科地域包括ケア病棟入院料
4091	難治性がん性疼痛緩和指導管理加算
4092	慢性腎臓病透析予防指導管理料
4093	外来腫瘍化学療法診療料３
4094	がん薬物療法体制充実加算
4095	プログラム医療機器等指導管理料（ニコチン依存症）
4096	プログラム医療機器等指導管理料（高血圧）
4099	介護保険施設等連携往診加算
4100	在宅医療ＤＸ情報活用加算
4101	在宅時医学総合管理料及び施設入居時等医学（注１４）
4102	在宅医療情報連携加算
4104	救急患者連携搬送料
4105	訪問看護医療ＤＸ情報活用加算（医科）
4106	遠隔死亡診断補助加算（医科）
4107	遺伝学的検査の注２に規定する施設基準
4108	ウイルス・細菌核酸多項目同時検出（髄液）
4109	経頸静脈的肝生検
4110	画像診断管理加算３
4111	ポジトロン断層撮影（アミロイドＰＥＴイメージング剤を用いた場合に限る。）
4112	ポジトロン断層・コンピューター断層複合撮影（アミロイドＰＥＴイメージング剤を用いた場合に限る。）
4113	ポジトロン断層・磁気共鳴コンピューター断層複合撮影（アミロイドＰＥＴイメージング剤を用いた場合に限る。）
4114	児童思春期支援指導加算
4115	早期診療体制充実加算
4116	情報通信機器を用いた通院精神療法の施設基準
4117	ストーマ合併症加算
4121	骨悪性腫瘍、類骨骨腫及び四肢軟部腫瘍ラジオ波焼灼療法
4122	人工股関節置換術（手術支援装置を用いるもの）
4123	緊急穿頭血腫除去術
4124	脳血栓回収療法連携加算
4125	毛様体光凝固術（眼内内視鏡を用いるものに限る。）
4127	乳腺悪性腫瘍ラジオ波焼灼療法
4128	気管支バルブ留置術
4129	胸腔鏡下肺切除術（区域切除及び肺葉切除術又は１肺葉を超えるものに限る。）（内視鏡手術用支援機器を用いる場合）
4130	肺悪性腫瘍及び胸腔内軟部腫瘍ラジオ波焼灼療法
4131	胸腔鏡下弁置換術（内視鏡手術用支援機器を用いる場合）
4132	胸腔鏡下心房中隔欠損閉鎖術
4133	骨盤内悪性腫瘍及び腹腔内軟部腫瘍ラジオ波焼灼療法
4134	腹腔鏡下膵中央切除術
4135	腎悪性腫瘍ラジオ波焼灼療法
4136	腹腔鏡下膀胱尿管逆流手術（膀胱外アプローチ）
4137	尿道狭窄グラフト再建術
4138	精巣温存手術
4139	女子外性器悪性腫瘍手術センチネルリンパ節生検加算
4140	腹腔鏡下腟断端挙上術（内視鏡手術用支援機器を用いる場合）
4141	再製造単回使用医療機器使用加算
4142	看護職員処遇改善評価料１
4143	看護職員処遇改善評価料２
4144	看護職員処遇改善評価料３
4145	看護職員処遇改善評価料４
4146	看護職員処遇改善評価料５
4147	看護職員処遇改善評価料６
4148	看護職員処遇改善評価料７
4149	看護職員処遇改善評価料８
4150	看護職員処遇改善評価料９
4151	看護職員処遇改善評価料１０
4152	看護職員処遇改善評価料１１
4153	看護職員処遇改善評価料１２
4154	看護職員処遇改善評価料１３
4155	看護職員処遇改善評価料１４
4156	看護職員処遇改善評価料１５
4157	看護職員処遇改善評価料１６
4158	看護職員処遇改善評価料１７
4159	看護職員処遇改善評価料１８
4160	看護職員処遇改善評価料１９
4161	看護職員処遇改善評価料２０
4162	看護職員処遇改善評価料２１
4163	看護職員処遇改善評価料２２
4164	看護職員処遇改善評価料２３
4165	看護職員処遇改善評価料２４
4166	看護職員処遇改善評価料２５
4167	看護職員処遇改善評価料２６
4168	看護職員処遇改善評価料２７
4169	看護職員処遇改善評価料２８
4170	看護職員処遇改善評価料２９
4171	看護職員処遇改善評価料３０
4172	看護職員処遇改善評価料３１
4173	看護職員処遇改善評価料３２
4174	看護職員処遇改善評価料３３
4175	看護職員処遇改善評価料３４
4176	看護職員処遇改善評価料３５
4177	看護職員処遇改善評価料３６
4178	看護職員処遇改善評価料３７
4179	看護職員処遇改善評価料３８
4180	看護職員処遇改善評価料３９
4181	看護職員処遇改善評価料４０
4182	看護職員処遇改善評価料４１
4183	看護職員処遇改善評価料４２
4184	看護職員処遇改善評価料４３
4185	看護職員処遇改善評価料４４
4186	看護職員処遇改善評価料４５
4187	看護職員処遇改善評価料４６
4188	看護職員処遇改善評価料４７
4189	看護職員処遇改善評価料４８
4190	看護職員処遇改善評価料４９
4191	看護職員処遇改善評価料５０
4192	看護職員処遇改善評価料５１
4193	看護職員処遇改善評価料５２
4194	看護職員処遇改善評価料５３
4195	看護職員処遇改善評価料５４
4196	看護職員処遇改善評価料５５
4197	看護職員処遇改善評価料５６
4198	看護職員処遇改善評価料５７
4199	看護職員処遇改善評価料５８
4200	看護職員処遇改善評価料５９
4201	看護職員処遇改善評価料６０
4202	看護職員処遇改善評価料６１
4203	看護職員処遇改善評価料６２
4204	看護職員処遇改善評価料６３
4205	看護職員処遇改善評価料６４
4206	看護職員処遇改善評価料６５
4207	看護職員処遇改善評価料６６
4208	看護職員処遇改善評価料６７
4209	看護職員処遇改善評価料６８
4210	看護職員処遇改善評価料６９
4211	看護職員処遇改善評価料７０
4212	看護職員処遇改善評価料７１
4213	看護職員処遇改善評価料７２
4214	看護職員処遇改善評価料７３
4215	看護職員処遇改善評価料７４
4216	看護職員処遇改善評価料７５
4217	看護職員処遇改善評価料７６
4218	看護職員処遇改善評価料７７
4219	看護職員処遇改善評価料７８
4220	看護職員処遇改善評価料７９
4221	看護職員処遇改善評価料８０
4222	看護職員処遇改善評価料８１
4223	看護職員処遇改善評価料８２
4224	看護職員処遇改善評価料８３
4225	看護職員処遇改善評価料８４
4226	看護職員処遇改善評価料８５
4227	看護職員処遇改善評価料８６
4228	看護職員処遇改善評価料８７
4229	看護職員処遇改善評価料８８
4230	看護職員処遇改善評価料８９
4231	看護職員処遇改善評価料９０
4232	看護職員処遇改善評価料９１
4233	看護職員処遇改善評価料９２
4234	看護職員処遇改善評価料９３
4235	看護職員処遇改善評価料９４
4236	看護職員処遇改善評価料９５
4237	看護職員処遇改善評価料９６
4238	看護職員処遇改善評価料９７
4239	看護職員処遇改善評価料９８
4240	看護職員処遇改善評価料９９
4241	看護職員処遇改善評価料１００
4242	看護職員処遇改善評価料１０１
4243	看護職員処遇改善評価料１０２
4244	看護職員処遇改善評価料１０３
4245	看護職員処遇改善評価料１０４
4246	看護職員処遇改善評価料１０５
4247	看護職員処遇改善評価料１０６
4248	看護職員処遇改善評価料１０７
4249	看護職員処遇改善評価料１０８
4250	看護職員処遇改善評価料１０９
4251	看護職員処遇改善評価料１１０
4252	看護職員処遇改善評価料１１１
4253	看護職員処遇改善評価料１１２
4254	看護職員処遇改善評価料１１３
4255	看護職員処遇改善評価料１１４
4256	看護職員処遇改善評価料１１５
4257	看護職員処遇改善評価料１１６
4258	看護職員処遇改善評価料１１７
4259	看護職員処遇改善評価料１１８
4260	看護職員処遇改善評価料１１９
4261	看護職員処遇改善評価料１２０
4262	看護職員処遇改善評価料１２１
4263	看護職員処遇改善評価料１２２
4264	看護職員処遇改善評価料１２３
4265	看護職員処遇改善評価料１２４
4266	看護職員処遇改善評価料１２５
4267	看護職員処遇改善評価料１２６
4268	看護職員処遇改善評価料１２７
4269	看護職員処遇改善評価料１２８
4270	看護職員処遇改善評価料１２９
4271	看護職員処遇改善評価料１３０
4272	看護職員処遇改善評価料１３１
4273	看護職員処遇改善評価料１３２
4274	看護職員処遇改善評価料１３３
4275	看護職員処遇改善評価料１３４
4276	看護職員処遇改善評価料１３５
4277	看護職員処遇改善評価料１３６
4278	看護職員処遇改善評価料１３７
4279	看護職員処遇改善評価料１３８
4280	看護職員処遇改善評価料１３９
4281	看護職員処遇改善評価料１４０
4282	看護職員処遇改善評価料１４１
4283	看護職員処遇改善評価料１４２
4284	看護職員処遇改善評価料１４３
4285	看護職員処遇改善評価料１４４
4286	看護職員処遇改善評価料１４５
4287	看護職員処遇改善評価料１４６
4288	看護職員処遇改善評価料１４７
4289	看護職員処遇改善評価料１４８
4290	看護職員処遇改善評価料１４９
4291	看護職員処遇改善評価料１５０
4292	看護職員処遇改善評価料１５１
4293	看護職員処遇改善評価料１５２
4294	看護職員処遇改善評価料１５３
4295	看護職員処遇改善評価料１５４
4296	看護職員処遇改善評価料１５５
4297	看護職員処遇改善評価料１５６
4298	看護職員処遇改善評価料１５７
4299	看護職員処遇改善評価料１５８
4300	看護職員処遇改善評価料１５９
4301	看護職員処遇改善評価料１６０
4302	看護職員処遇改善評価料１６１
4303	看護職員処遇改善評価料１６２
4304	看護職員処遇改善評価料１６３
4305	看護職員処遇改善評価料１６４
4306	看護職員処遇改善評価料１６５
4307	外来・在宅ベースアップ評価料（１）
4308	外来・在宅ベースアップ評価料（２）１
4309	外来・在宅ベースアップ評価料（２）２
4310	外来・在宅ベースアップ評価料（２）３
4311	外来・在宅ベースアップ評価料（２）４
4312	外来・在宅ベースアップ評価料（２）５
4313	外来・在宅ベースアップ評価料（２）６
4314	外来・在宅ベースアップ評価料（２）７
4315	外来・在宅ベースアップ評価料（２）８
4325	入院ベースアップ評価料１
4326	入院ベースアップ評価料２
4327	入院ベースアップ評価料３
4328	入院ベースアップ評価料４
4329	入院ベースアップ評価料５
4330	入院ベースアップ評価料６
4331	入院ベースアップ評価料７
4332	入院ベースアップ評価料８
4333	入院ベースアップ評価料９
4334	入院ベースアップ評価料１０
4335	入院ベースアップ評価料１１
4336	入院ベースアップ評価料１２
4337	入院ベースアップ評価料１３
4338	入院ベースアップ評価料１４
4339	入院ベースアップ評価料１５
4340	入院ベースアップ評価料１６
4341	入院ベースアップ評価料１７
4342	入院ベースアップ評価料１８
4343	入院ベースアップ評価料１９
4344	入院ベースアップ評価料２０
4345	入院ベースアップ評価料２１
4346	入院ベースアップ評価料２２
4347	入院ベースアップ評価料２３
4348	入院ベースアップ評価料２４
4349	入院ベースアップ評価料２５
4350	入院ベースアップ評価料２６
4351	入院ベースアップ評価料２７
4352	入院ベースアップ評価料２８
4353	入院ベースアップ評価料２９
4354	入院ベースアップ評価料３０
4355	入院ベースアップ評価料３１
4356	入院ベースアップ評価料３２
4357	入院ベースアップ評価料３３
4358	入院ベースアップ評価料３４
4359	入院ベースアップ評価料３５
4360	入院ベースアップ評価料３６
4361	入院ベースアップ評価料３７
4362	入院ベースアップ評価料３８
4363	入院ベースアップ評価料３９
4364	入院ベースアップ評価料４０
4365	入院ベースアップ評価料４１
4366	入院ベースアップ評価料４２
4367	入院ベースアップ評価料４３
4368	入院ベースアップ評価料４４
4369	入院ベースアップ評価料４５
4370	入院ベースアップ評価料４６
4371	入院ベースアップ評価料４７
4372	入院ベースアップ評価料４８
4373	入院ベースアップ評価料４９
4374	入院ベースアップ評価料５０
4375	入院ベースアップ評価料５１
4376	入院ベースアップ評価料５２
4377	入院ベースアップ評価料５３
4378	入院ベースアップ評価料５４
4379	入院ベースアップ評価料５５
4380	入院ベースアップ評価料５６
4381	入院ベースアップ評価料５７
4382	入院ベースアップ評価料５８
4383	入院ベースアップ評価料５９
4384	入院ベースアップ評価料６０
4385	入院ベースアップ評価料６１
4386	入院ベースアップ評価料６２
4387	入院ベースアップ評価料６３
4388	入院ベースアップ評価料６４
4389	入院ベースアップ評価料６５
4390	入院ベースアップ評価料６６
4391	入院ベースアップ評価料６７
4392	入院ベースアップ評価料６８
4393	入院ベースアップ評価料６９
4394	入院ベースアップ評価料７０
4395	入院ベースアップ評価料７１
4396	入院ベースアップ評価料７２
4397	入院ベースアップ評価料７３
4398	入院ベースアップ評価料７４
4399	入院ベースアップ評価料７５
4400	入院ベースアップ評価料７６
4401	入院ベースアップ評価料７７
4402	入院ベースアップ評価料７８
4403	入院ベースアップ評価料７９
4404	入院ベースアップ評価料８０
4405	入院ベースアップ評価料８１
4406	入院ベースアップ評価料８２
4407	入院ベースアップ評価料８３
4408	入院ベースアップ評価料８４
4409	入院ベースアップ評価料８５
4410	入院ベースアップ評価料８６
4411	入院ベースアップ評価料８７
4412	入院ベースアップ評価料８８
4413	入院ベースアップ評価料８９
4414	入院ベースアップ評価料９０
4415	入院ベースアップ評価料９１
4416	入院ベースアップ評価料９２
4417	入院ベースアップ評価料９３
4418	入院ベースアップ評価料９４
4419	入院ベースアップ評価料９５
4420	入院ベースアップ評価料９６
4421	入院ベースアップ評価料９７
4422	入院ベースアップ評価料９８
4423	入院ベースアップ評価料９９
4424	入院ベースアップ評価料１００
4425	入院ベースアップ評価料１０１
4426	入院ベースアップ評価料１０２
4427	入院ベースアップ評価料１０３
4428	入院ベースアップ評価料１０４
4429	入院ベースアップ評価料１０５
4430	入院ベースアップ評価料１０６
4431	入院ベースアップ評価料１０７
4432	入院ベースアップ評価料１０８
4433	入院ベースアップ評価料１０９
4434	入院ベースアップ評価料１１０
4435	入院ベースアップ評価料１１１
4436	入院ベースアップ評価料１１２
4437	入院ベースアップ評価料１１３
4438	入院ベースアップ評価料１１４
4439	入院ベースアップ評価料１１５
4440	入院ベースアップ評価料１１６
4441	入院ベースアップ評価料１１７
4442	入院ベースアップ評価料１１８
4443	入院ベースアップ評価料１１９
4444	入院ベースアップ評価料１２０
4445	入院ベースアップ評価料１２１
4446	入院ベースアップ評価料１２２
4447	入院ベースアップ評価料１２３
4448	入院ベースアップ評価料１２４
4449	入院ベースアップ評価料１２５
4450	入院ベースアップ評価料１２６
4451	入院ベースアップ評価料１２７
4452	入院ベースアップ評価料１２８
4453	入院ベースアップ評価料１２９
4454	入院ベースアップ評価料１３０
4455	入院ベースアップ評価料１３１
4456	入院ベースアップ評価料１３２
4457	入院ベースアップ評価料１３３
4458	入院ベースアップ評価料１３４
4459	入院ベースアップ評価料１３５
4460	入院ベースアップ評価料１３６
4461	入院ベースアップ評価料１３７
4462	入院ベースアップ評価料１３８
4463	入院ベースアップ評価料１３９
4464	入院ベースアップ評価料１４０
4465	入院ベースアップ評価料１４１
4466	入院ベースアップ評価料１４２
4467	入院ベースアップ評価料１４３
4468	入院ベースアップ評価料１４４
4469	入院ベースアップ評価料１４５
4470	入院ベースアップ評価料１４６
4471	入院ベースアップ評価料１４７
4472	入院ベースアップ評価料１４８
4473	入院ベースアップ評価料１４９
4474	入院ベースアップ評価料１５０
4475	入院ベースアップ評価料１５１
4476	入院ベースアップ評価料１５２
4477	入院ベースアップ評価料１５３
4478	入院ベースアップ評価料１５４
4479	入院ベースアップ評価料１５５
4480	入院ベースアップ評価料１５６
4481	入院ベースアップ評価料１５７
4482	入院ベースアップ評価料１５８
4483	入院ベースアップ評価料１５９
4484	入院ベースアップ評価料１６０
4485	入院ベースアップ評価料１６１
4486	入院ベースアップ評価料１６２
4487	入院ベースアップ評価料１６３
4488	入院ベースアップ評価料１６４
4489	入院ベースアップ評価料１６５
4490	診療録管理体制加算１
8001	一般病棟特別入院基本料（患者の要件により算定するもの）（名寄せコード）
8002	結核病棟特別入院基本料（患者の要件により算定するもの）（名寄せコード）
8003	結核病棟入院基本料（特別入院基本料等以外）（名寄せコード）
8005	精神病棟入院基本料（特別入院基本料等以外）（名寄せコード）
8006	障害者施設等入院基本料（特別入院基本料等含む）（名寄せコード）
8010	療養病棟入院料１入院料Ｉ（患者の要件により算定するもの）（医科）（名寄せコード）
8011	精神病棟１５対１入院基本料（患者の要件により算定するもの）（名寄せコード）
8012	療養病棟入院料２入院料Ｉ（患者の要件により算定するもの）（医科）（名寄せコード）
8013	精神病棟入院基本料（特別入院基本料等）（名寄せコード）
8014	デングウイルス抗原定性及びデングウイルス抗原・抗体同時測定定性（名寄せコード）
8015	療養病棟入院基本料 注８（名寄せコード）
8016	外来リハビリテーション診療料（名寄せコード）
8017	経皮的大動脈遮断術及びダメージコントロール手術（名寄せコード）
8018	一般病棟特別入院基本料等（名寄せコード）
8020	一般病棟入院基本料（名寄せコード）
8025	地域一般入院基本料（名寄せコード）
880	入院対象者入院医学管理料
881	通院対象者通院医学管理料
882	医療観察精神科作業療法
883	医療観察精神科デイ・ケア「大規模なもの」
884	医療観察精神科デイ・ケア「小規模なもの」
885	医療観察精神科ナイト・ケア
886	医療観察精神科デイ・ナイト・ケア
887	医療観察精神科ショート・ケア「大規模なもの」
888	医療観察精神科ショート・ケア「小規模なもの」
889	通院対象者社会復帰体制強化加算
891	医療観察治療抵抗性統合失調症治療指導管理料
896	医療観察認知療法・認知行動療法ロ
897	医療観察認知療法・認知行動療法イ
898	医療観察児童思春期精神科専門管理加算
899	医療観察依存症集団療法（薬物依存症）
900	医療観察依存症集団療法（ギャンブル依存症）
901	医療観察依存症集団療法（アルコール依存症）